no,upt,year,month,event,filename,folder_label,predicted_label,confidence,tier,rule_name,evidence,station_name,zone,trip_type,faulted_phases,fault_duration_ms,fault_count,peak_current_a,i0_i1_ratio,reclose_ok,voltage_sag_pu,correct,notes,cfg_path
1,UPT BANDUNG,2022,01. JANUARI,20220109 Reakaman CGRLG - CBREM 2,20220109_124053_239_r113_MANUAL_CGRLG_CBREM2_Distance.cfg,,PETIR (TRANSIEN),1.0,2,petir_decision_tree,"Classifier ML: probabilitas PETIR=100%  dur=100ms  fault_count=2  i0/i1=0.01  — gangguan transien, AR berhasil, tidak perlu crew lapangan.",GI CIGERELENG,Z1,three_pole,A+B+C,100.45600128173828,2,21672.900390625,0.01425741433934358,,0.4731175684534583,,,C:\Users\hafizna.fadhli\Downloads\36. DFR GANGGUAN UIT JBT\raw_data\UPT BANDUNG\2022\01. JANUARI\20220109 Reakaman CGRLG - CBREM 2\20220109 Reakaman CGRLG - CBREM 2\20220109_124053_239_r113_MANUAL_CGRLG_CBREM2_Distance.cfg
2,UPT BANDUNG,2022,01. JANUARI,20220109 Reakaman CGRLG - CBREM 2,Sunday 09 January 2022 11.53.09.000.CFG,,PETIR (TRANSIEN),1.0,2,petir_decision_tree,"Classifier ML: probabilitas PETIR=100%  dur=99ms  fault_count=1  i0/i1=0.31  — gangguan transien, AR berhasil, tidak perlu crew lapangan.",GI CIBEUREUM,Z1,three_pole,A+B+C,99.37393951416016,1,13137.6865234375,0.30828274545655343,,0.34654894831918626,,,C:\Users\hafizna.fadhli\Downloads\36. DFR GANGGUAN UIT JBT\raw_data\UPT BANDUNG\2022\01. JANUARI\20220109 Reakaman CGRLG - CBREM 2\20220109 Reakaman CGRLG - CBREM 2\DISTANCE CBREM - CGRLG 2\1\DR\Sunday 09 January 2022 11.53.09.000.CFG
3,UPT BANDUNG,2022,01. JANUARI,20220122 Gangguan CGRLG - MJLYA 1,20220122_170117_216_r137.cfg,,NON-PETIR — PERLU INVESTIGASI,1.0,2,petir_decision_tree_non_petir,Classifier ML: bukan PETIR (prob non-PETIR=100%)  dur=101ms  fault_count=1  — penyebab spesifik belum dapat ditentukan (LAYANG/POHON/HEWAN/BENDA ASING butuh lebih banyak data latih).,CIGERELENG,Z1,unknown,,100.85797119140625,1,2574.320068359375,0.7811841067253221,,0.2257996397519595,,,C:\Users\hafizna.fadhli\Downloads\36. DFR GANGGUAN UIT JBT\raw_data\UPT BANDUNG\2022\01. JANUARI\20220122 Gangguan CGRLG - MJLYA 1\20220122 Gangguan CGRLG - MJLYA 1\20220122_170117_216_r137.cfg
4,UPT BANDUNG,2022,01. JANUARI,20220123 Rekaman Cigereleng - Lagadar 2,23.01.22 12.09.09.000.000.CFG,,PETIR (TRANSIEN),1.0,2,petir_decision_tree,"Classifier ML: probabilitas PETIR=100%  dur=2601ms  fault_count=1  i0/i1=0.92  — gangguan transien, AR berhasil, tidak perlu crew lapangan.",CIGERELENG,Z1,unknown,,2601.01318359375,1,32230.640625,0.9249036530379807,,0.8244028886935414,,,C:\Users\hafizna.fadhli\Downloads\36. DFR GANGGUAN UIT JBT\raw_data\UPT BANDUNG\2022\01. JANUARI\20220123 Rekaman Cigereleng - Lagadar 2\20220123 Rekaman Cigereleng - Lagadar 2\23.01.22 12.09.09.000.000.CFG
5,UPT BANDUNG,2022,01. JANUARI,20220201 Rekaman CGRLG - CNJUR,20220201_160151_230_r184.cfg,,NON-PETIR — PERLU INVESTIGASI,1.0,2,petir_decision_tree_non_petir,Classifier ML: bukan PETIR (prob non-PETIR=100%)  dur=100ms  fault_count=1  — penyebab spesifik belum dapat ditentukan (LAYANG/POHON/HEWAN/BENDA ASING butuh lebih banyak data latih).,CIANJUR,Z1,unknown,,99.97605895996094,1,2934.504150390625,1.7379947953272874,,0.5811654030279103,,,C:\Users\hafizna.fadhli\Downloads\36. DFR GANGGUAN UIT JBT\raw_data\UPT BANDUNG\2022\01. JANUARI\20220201 Rekaman CGRLG - CNJUR\20220201 Rekaman CGRLG - CNJUR\GI Cianjur\20220201_160151_230_r184.cfg
6,UPT BANDUNG,2022,01. JANUARI,20220201 Rekaman CGRLG - CNJUR,20220201_162324_038_r185.cfg,,PETIR (TRANSIEN),1.0,2,petir_decision_tree,"Classifier ML: probabilitas PETIR=100%  dur=0ms  fault_count=1  i0/i1=0.02  — gangguan transien, AR berhasil, tidak perlu crew lapangan.",CIANJUR,UNKNOWN,unknown,,0.0,1,262.9563293457031,0.019613086349469476,,0.0001705066002874707,,,C:\Users\hafizna.fadhli\Downloads\36. DFR GANGGUAN UIT JBT\raw_data\UPT BANDUNG\2022\01. JANUARI\20220201 Rekaman CGRLG - CNJUR\20220201 Rekaman CGRLG - CNJUR\GI Cianjur\20220201_162324_038_r185.cfg
7,UPT BANDUNG,2022,01. JANUARI,20220201 Rekaman CGRLG - CNJUR,20220201_145718_705_r013_MANUAL__CGRLG_CNJUR1_Distance.cfg,,PETIR (TRANSIEN),1.0,2,petir_decision_tree,"Classifier ML: probabilitas PETIR=100%  dur=80ms  fault_count=1  i0/i1=0.59  — gangguan transien, AR berhasil, tidak perlu crew lapangan.",GI CIGERELENG,Z1,single_pole,C,79.96803283691406,1,4161.32666015625,0.5855009919891733,,0.055642710791991026,,,C:\Users\hafizna.fadhli\Downloads\36. DFR GANGGUAN UIT JBT\raw_data\UPT BANDUNG\2022\01. JANUARI\20220201 Rekaman CGRLG - CNJUR\20220201 Rekaman CGRLG - CNJUR\GI Cigereleng\20220201_145718_705_r013_MANUAL__CGRLG_CNJUR1_Distance.cfg
8,UPT BANDUNG,2022,02. FEBRUARI,20220201 Rekaman CGRLG - CNJUR,20220201_160151_230_r184.cfg,,NON-PETIR — PERLU INVESTIGASI,1.0,2,petir_decision_tree_non_petir,Classifier ML: bukan PETIR (prob non-PETIR=100%)  dur=100ms  fault_count=1  — penyebab spesifik belum dapat ditentukan (LAYANG/POHON/HEWAN/BENDA ASING butuh lebih banyak data latih).,CIANJUR,Z1,unknown,,99.97605895996094,1,2934.504150390625,1.7379947953272874,,0.5811654030279103,,,C:\Users\hafizna.fadhli\Downloads\36. DFR GANGGUAN UIT JBT\raw_data\UPT BANDUNG\2022\02. FEBRUARI\20220201 Rekaman CGRLG - CNJUR\20220201 Rekaman CGRLG - CNJUR\GI Cianjur\20220201_160151_230_r184.cfg
9,UPT BANDUNG,2022,02. FEBRUARI,20220201 Rekaman CGRLG - CNJUR,20220201_162324_038_r185.cfg,,PETIR (TRANSIEN),1.0,2,petir_decision_tree,"Classifier ML: probabilitas PETIR=100%  dur=0ms  fault_count=1  i0/i1=0.02  — gangguan transien, AR berhasil, tidak perlu crew lapangan.",CIANJUR,UNKNOWN,unknown,,0.0,1,262.9563293457031,0.019613086349469476,,0.0001705066002874707,,,C:\Users\hafizna.fadhli\Downloads\36. DFR GANGGUAN UIT JBT\raw_data\UPT BANDUNG\2022\02. FEBRUARI\20220201 Rekaman CGRLG - CNJUR\20220201 Rekaman CGRLG - CNJUR\GI Cianjur\20220201_162324_038_r185.cfg
10,UPT BANDUNG,2022,02. FEBRUARI,20220201 Rekaman CGRLG - CNJUR,20220201_145718_705_r013_MANUAL__CGRLG_CNJUR1_Distance.cfg,,PETIR (TRANSIEN),1.0,2,petir_decision_tree,"Classifier ML: probabilitas PETIR=100%  dur=80ms  fault_count=1  i0/i1=0.59  — gangguan transien, AR berhasil, tidak perlu crew lapangan.",GI CIGERELENG,Z1,single_pole,C,79.96803283691406,1,4161.32666015625,0.5855009919891733,,0.055642710791991026,,,C:\Users\hafizna.fadhli\Downloads\36. DFR GANGGUAN UIT JBT\raw_data\UPT BANDUNG\2022\02. FEBRUARI\20220201 Rekaman CGRLG - CNJUR\20220201 Rekaman CGRLG - CNJUR\GI Cigereleng\20220201_145718_705_r013_MANUAL__CGRLG_CNJUR1_Distance.cfg
13,UPT BANDUNG,2022,02. FEBRUARI,20220223 Gangguang KRCDG - BDSLN 1,Wednesday 23 February 2022 16.00.47.000.CFG,,NON-PETIR — PERLU INVESTIGASI,0.907,2,petir_decision_tree_non_petir,Classifier ML: bukan PETIR (prob non-PETIR=91%)  dur=580ms  fault_count=2  — penyebab spesifik belum dapat ditentukan (LAYANG/POHON/HEWAN/BENDA ASING butuh lebih banyak data latih).,KRCDG,UNKNOWN,single_pole,A,580.4639892578125,2,9715.3603515625,1.4652669386560917,True,0.7531018583522272,,,C:\Users\hafizna.fadhli\Downloads\36. DFR GANGGUAN UIT JBT\raw_data\UPT BANDUNG\2022\02. FEBRUARI\20220223 Gangguang KRCDG - BDSLN 1\20220223 Gangguang KRCDG - BDSLN 1\1\DR\Wednesday 23 February 2022 16.00.47.000.CFG
14,UPT BANDUNG,2022,03. MARET,20220327 Gangguan Cigereleng Cianjur,20220327_153853_289_r014_MANUAL_CGRLG_BAYCNJUR_F21.cfg,,NON-PETIR — PERLU INVESTIGASI,0.907,2,petir_decision_tree_non_petir,Classifier ML: bukan PETIR (prob non-PETIR=91%)  dur=80ms  fault_count=1  — penyebab spesifik belum dapat ditentukan (LAYANG/POHON/HEWAN/BENDA ASING butuh lebih banyak data latih).,GI CIGERELENG,Z1,single_pole,A,79.96800231933594,1,3754.696533203125,2.0039830147214985,,0.7254885919001163,,,C:\Users\hafizna.fadhli\Downloads\36. DFR GANGGUAN UIT JBT\raw_data\UPT BANDUNG\2022\03. MARET\20220327 Gangguan Cigereleng Cianjur\20220327 Gangguan Cigereleng Cianjur\20220327_153853_289_r014_MANUAL_CGRLG_BAYCNJUR_F21.cfg
15,UPT BANDUNG,2022,03. MARET,20220327 Gangguan Padalarang - Jatiluhur 1,20220327_180531_734_r054_MANUAL_PDLRU_JTLHR1_F21.cfg,,PETIR (TRANSIEN),1.0,2,petir_decision_tree,"Classifier ML: probabilitas PETIR=100%  dur=80ms  fault_count=1  i0/i1=1.01  — gangguan transien, AR berhasil, tidak perlu crew lapangan.",GI PADALARANG,Z1,single_pole,A,79.96803283691406,1,15248.619140625,1.0067837538886013,,0.6597313470259804,,,C:\Users\hafizna.fadhli\Downloads\36. DFR GANGGUAN UIT JBT\raw_data\UPT BANDUNG\2022\03. MARET\20220327 Gangguan Padalarang - Jatiluhur 1\20220327 Gangguan Padalarang - Jatiluhur 1\20220327_180531_734_r054_MANUAL_PDLRU_JTLHR1_F21.cfg
16,UPT BANDUNG,2022,04. APRIL,20220405 Gangguan Cigereleng - Lagadar 2,20220405_133046_612_r075.cfg,,PETIR (TRANSIEN),1.0,2,petir_decision_tree,"Classifier ML: probabilitas PETIR=100%  dur=101ms  fault_count=1  i0/i1=0.87  — gangguan transien, AR berhasil, tidak perlu crew lapangan.",CIGERELENG,Z1,unknown,,101.06205749511719,1,10279.603515625,0.8693407462440383,,0.013865796643322268,,,C:\Users\hafizna.fadhli\Downloads\36. DFR GANGGUAN UIT JBT\raw_data\UPT BANDUNG\2022\04. APRIL\20220405 Gangguan Cigereleng - Lagadar 2\20220405 Gangguan Cigereleng - Lagadar 2\20220405_133046_612_r075.cfg
17,UPT BANDUNG,2024,04. APRIL,23042024_GI PDLRU_JTLHUR 1_PETIR,20240423_015038_330_r065.cfg,PETIR,PETIR (TRANSIEN),1.0,2,petir_decision_tree,"Classifier ML: probabilitas PETIR=100%  dur=82ms  fault_count=1  i0/i1=1.02  — gangguan transien, AR berhasil, tidak perlu crew lapangan.",GI PADALARANG,Z3+Z2,single_pole,A,81.7320327758789,1,4657.45849609375,1.0150821512415829,,0.016028363096919806,,,C:\Users\hafizna.fadhli\Downloads\36. DFR GANGGUAN UIT JBT\raw_data\UPT BANDUNG\2024\04. APRIL\23042024_GI PDLRU_JTLHUR 1_PETIR\April\20240423_015038_330_r065.cfg
18,UPT BANDUNG,2024,04. APRIL,23042024_GI PDLRU_JTLHUR 1_PETIR,20240424_141119_118_r092.cfg,PETIR,NON-PETIR — PERLU INVESTIGASI,1.0,2,petir_decision_tree_non_petir,Classifier ML: bukan PETIR (prob non-PETIR=100%)  dur=101ms  fault_count=1  — penyebab spesifik belum dapat ditentukan (LAYANG/POHON/HEWAN/BENDA ASING butuh lebih banyak data latih).,CIGERELENG,UNKNOWN,unknown,,100.64411163330078,1,3064.60107421875,0.730889554194173,,0.028428468453067398,,,C:\Users\hafizna.fadhli\Downloads\36. DFR GANGGUAN UIT JBT\raw_data\UPT BANDUNG\2024\04. APRIL\23042024_GI PDLRU_JTLHUR 1_PETIR\April\20240424_141119_118_r092.cfg
19,UPT BANDUNG,2024,04. APRIL,24042024_GI CGRLG_MJLYA 2_PETIR,20240423_015038_330_r065.cfg,PETIR,PETIR (TRANSIEN),1.0,2,petir_decision_tree,"Classifier ML: probabilitas PETIR=100%  dur=82ms  fault_count=1  i0/i1=1.02  — gangguan transien, AR berhasil, tidak perlu crew lapangan.",GI PADALARANG,Z3+Z2,single_pole,A,81.7320327758789,1,4657.45849609375,1.0150821512415829,,0.016028363096919806,,,C:\Users\hafizna.fadhli\Downloads\36. DFR GANGGUAN UIT JBT\raw_data\UPT BANDUNG\2024\04. APRIL\24042024_GI CGRLG_MJLYA 2_PETIR\April\20240423_015038_330_r065.cfg
20,UPT BANDUNG,2024,04. APRIL,24042024_GI CGRLG_MJLYA 2_PETIR,20240424_141119_118_r092.cfg,PETIR,NON-PETIR — PERLU INVESTIGASI,1.0,2,petir_decision_tree_non_petir,Classifier ML: bukan PETIR (prob non-PETIR=100%)  dur=101ms  fault_count=1  — penyebab spesifik belum dapat ditentukan (LAYANG/POHON/HEWAN/BENDA ASING butuh lebih banyak data latih).,CIGERELENG,UNKNOWN,unknown,,100.64411163330078,1,3064.60107421875,0.730889554194173,,0.028428468453067398,,,C:\Users\hafizna.fadhli\Downloads\36. DFR GANGGUAN UIT JBT\raw_data\UPT BANDUNG\2024\04. APRIL\24042024_GI CGRLG_MJLYA 2_PETIR\April\20240424_141119_118_r092.cfg
21,UPT BANDUNG,2024,04. APRIL,24042024_GI MJLYA_CGRLG 2_PETIR,20240424_140910_746_r245.cfg,PETIR,PETIR (TRANSIEN),1.0,2,petir_decision_tree,"Classifier ML: probabilitas PETIR=100%  dur=80ms  fault_count=4  i0/i1=2.64  — gangguan transien, AR berhasil, tidak perlu crew lapangan.",MAJALAYA,Z1,single_pole,A,79.96803283691406,4,861.878662109375,2.63736990286524,True,0.8454310051657276,,,C:\Users\hafizna.fadhli\Downloads\36. DFR GANGGUAN UIT JBT\raw_data\UPT BANDUNG\2024\04. APRIL\24042024_GI MJLYA_CGRLG 2_PETIR\20240424_140910_746_r245.cfg
22,UPT BANDUNG,2024,06. JUNI,04062024_GI SMDNG_UBRNG 1_LAYANG-LAYANG,20240604_132402_186_r174.cfg,LAYANG-LAYANG,NON-PETIR — PERLU INVESTIGASI,1.0,2,petir_decision_tree_non_petir,Classifier ML: bukan PETIR (prob non-PETIR=100%)  dur=80ms  fault_count=2  — penyebab spesifik belum dapat ditentukan (LAYANG/POHON/HEWAN/BENDA ASING butuh lebih banyak data latih).,GI UJUNGBERUNG,Z1,single_pole,C,79.96797180175781,2,3118.78564453125,0.8173138175933694,True,0.9081579922373926,,,C:\Users\hafizna.fadhli\Downloads\36. DFR GANGGUAN UIT JBT\raw_data\UPT BANDUNG\2024\06. JUNI\04062024_GI SMDNG_UBRNG 1_LAYANG-LAYANG\04062024\20240604_132402_186_r174.cfg
23,UPT BANDUNG,2024,06. JUNI,04062024_GI UBRNG_SMDNG 1_LAYANG-LAYANG,20240604_132402_186_r174.cfg,LAYANG-LAYANG,NON-PETIR — PERLU INVESTIGASI,1.0,2,petir_decision_tree_non_petir,Classifier ML: bukan PETIR (prob non-PETIR=100%)  dur=80ms  fault_count=2  — penyebab spesifik belum dapat ditentukan (LAYANG/POHON/HEWAN/BENDA ASING butuh lebih banyak data latih).,GI UJUNGBERUNG,Z1,single_pole,C,79.96797180175781,2,3118.78564453125,0.8173138175933694,True,0.9081579922373926,,,C:\Users\hafizna.fadhli\Downloads\36. DFR GANGGUAN UIT JBT\raw_data\UPT BANDUNG\2024\06. JUNI\04062024_GI UBRNG_SMDNG 1_LAYANG-LAYANG\04062024\20240604_132402_186_r174.cfg
24,UPT BANDUNG,2024,11. NOVEMBER,REKAMAN GANGGUAN BDSLN-DEPOK MAIN A 15-11-2024_PETIR,28_1511202465026310_FRA00028.CFG,PETIR,PETIR (TRANSIEN),1.0,2,petir_decision_tree,"Classifier ML: probabilitas PETIR=100%  dur=4ms  fault_count=2  i0/i1=0.20  — gangguan transien, AR berhasil, tidak perlu crew lapangan. | [CATATAN: Tipe proteksi tidak teridentifikasi dari sinyal digital — diklasifikasikan berdasarkan analisis gelombang arus/tegangan saja. Verifikasi manual diperlukan.]",GITET Bandung Selatan,UNKNOWN,single_pole,B,3.8749873638153076,2,0.28081178665161133,0.1982718013593441,,0.0005513799854627844,,,C:\Users\hafizna.fadhli\Downloads\36. DFR GANGGUAN UIT JBT\raw_data\UPT BANDUNG\2024\11. NOVEMBER\REKAMAN GANGGUAN BDSLN-DEPOK MAIN A 15-11-2024_PETIR\REKAMAN GANGGUAN BDSLN-DEPOK MAIN A 15-11-2024\28_1511202465026310_FRA00028.CFG
25,UPT BANDUNG,2024,11. NOVEMBER,REKAMAN GANGGUAN BDSLN-DEPOK MAIN A 15-11-2024_PETIR,29_1511202465027983_FRA00029.CFG,PETIR,PETIR (TRANSIEN),1.0,2,petir_decision_tree,"Classifier ML: probabilitas PETIR=100%  dur=1ms  fault_count=2  i0/i1=0.01  — gangguan transien, AR berhasil, tidak perlu crew lapangan. | [CATATAN: Tipe proteksi tidak teridentifikasi dari sinyal digital — diklasifikasikan berdasarkan analisis gelombang arus/tegangan saja. Verifikasi manual diperlukan.]",GITET Bandung Selatan,UNKNOWN,unknown,B,1.2500286102294922,2,0.3254534900188446,0.014271898696384615,,0.002797656077734519,,,C:\Users\hafizna.fadhli\Downloads\36. DFR GANGGUAN UIT JBT\raw_data\UPT BANDUNG\2024\11. NOVEMBER\REKAMAN GANGGUAN BDSLN-DEPOK MAIN A 15-11-2024_PETIR\REKAMAN GANGGUAN BDSLN-DEPOK MAIN A 15-11-2024\29_1511202465027983_FRA00029.CFG
28,UPT BANDUNG,2024,11. NOVEMBER,REKAMAN GANGGUAN BDSLN-DEPOK MAIN A 15-11-2024_PETIR,32_151120247341358_FRA00032.CFG,PETIR,PETIR (TRANSIEN),1.0,2,petir_decision_tree,"Classifier ML: probabilitas PETIR=100%  dur=120ms  fault_count=1  i0/i1=0.00  — gangguan transien, AR berhasil, tidak perlu crew lapangan.",GITET Bandung Selatan,UNKNOWN,single_pole,A+B,119.99994659423828,1,2.745521306991577,0.003834135877808021,,0.06839087445422706,,,C:\Users\hafizna.fadhli\Downloads\36. DFR GANGGUAN UIT JBT\raw_data\UPT BANDUNG\2024\11. NOVEMBER\REKAMAN GANGGUAN BDSLN-DEPOK MAIN A 15-11-2024_PETIR\REKAMAN GANGGUAN BDSLN-DEPOK MAIN A 15-11-2024\32_151120247341358_FRA00032.CFG
32,UPT BANDUNG,2025,02. FEBRUARI,ULTG BDBS,20250224_GI CIKALONG_BAY CIGERELENG#2_PETIR1.CFG,PETIR,PETIR (TRANSIEN),1.0,2,petir_decision_tree,"Classifier ML: probabilitas PETIR=100%  dur=82ms  fault_count=1  i0/i1=1.29  — gangguan transien, AR berhasil, tidak perlu crew lapangan.",GI CIKALONG,Z1,single_pole,A,81.53605651855469,1,2375.320068359375,1.2936650762867379,,0.5797280391393347,,,C:\Users\hafizna.fadhli\Downloads\36. DFR GANGGUAN UIT JBT\raw_data\UPT BANDUNG\2025\02. FEBRUARI\ULTG BDBS\20250224_GI CIKALONG_BAY CIGERELENG#2_PETIR1.CFG
33,UPT BANDUNG,2025,02. FEBRUARI,ULTG BDBS,20250224_GI CIKALONG_BAY CIGERELENG#2_PETIR2.CFG,PETIR,PETIR (TRANSIEN),1.0,2,petir_decision_tree,"Classifier ML: probabilitas PETIR=100%  dur=80ms  fault_count=1  i0/i1=1.31  — gangguan transien, AR berhasil, tidak perlu crew lapangan.",GI CIKALONG,Z1,single_pole,A,79.87189483642578,1,2372.55810546875,1.307595923434666,,0.4002236634706767,,,C:\Users\hafizna.fadhli\Downloads\36. DFR GANGGUAN UIT JBT\raw_data\UPT BANDUNG\2025\02. FEBRUARI\ULTG BDBS\20250224_GI CIKALONG_BAY CIGERELENG#2_PETIR2.CFG
34,UPT BANDUNG,2025,03. MARET,06 Februari 2025 Gangguan Bay Tasik GITET Bandung Selatan,Gangguan GITET BDSN BAY TASIK 06-03-2025.CFG,,PETIR (TRANSIEN),1.0,2,petir_decision_tree,"Classifier ML: probabilitas PETIR=100%  dur=530ms  fault_count=1  i0/i1=0.99  — gangguan transien, AR berhasil, tidak perlu crew lapangan.",GITET Bandung Selatan,Z1,single_pole,A,529.8749389648438,1,17.428871154785156,0.9892806277436901,,0.6521167581254591,,,C:\Users\hafizna.fadhli\Downloads\36. DFR GANGGUAN UIT JBT\raw_data\UPT BANDUNG\2025\03. MARET\06 Februari 2025 Gangguan Bay Tasik GITET Bandung Selatan\Gangguan GITET BDSLN - TASIK LPA 06-03-2025\Gangguan GITET BDSN BAY TASIK 06-03-2025.CFG
37,UPT BEKASI,2022,06.JUNI,03062022 - Final Trip SUTT 70 kV Tambun - Toyogiri #1,2022-06-03-23-42-56-203_139(0)_S.cfg,,PETIR (TRANSIEN),1.0,2,petir_decision_tree,"Classifier ML: probabilitas PETIR=100%  dur=87ms  fault_count=2  i0/i1=0.99  — gangguan transien, AR berhasil, tidak perlu crew lapangan.",CSC101M1,Z1,single_pole,B,87.49999237060547,2,6.107198238372803,0.9935743001394984,,0.9139017728920236,,,C:\Users\hafizna.fadhli\Downloads\36. DFR GANGGUAN UIT JBT\raw_data\UPT BEKASI\2022\06.JUNI\03062022 - Final Trip SUTT 70 kV Tambun - Toyogiri #1\DFR\GI Tambun\2022-06-03-23-42-56-203_139(0)_S.cfg
38,UPT BEKASI,2022,06.JUNI,03062022 - Final Trip SUTT 70 kV Tambun - Toyogiri #1,2022-06-03-23-43-02-309_140(0)_F phasa C (Gangguan ke-2).cfg,,GANGGUAN PERMANEN,0.75,1,three_pole_failed_reclose,"trip_type=three_pole, reclose_successful=False - gangguan permanen 3-fasa, AR gagal. Diduga kerusakan mekanik/konduktor, perlu investigasi lapangan.",CSC101M1,Z1,three_pole,A+B+C,71.66667175292969,1,5.863990783691406,0.9986166067191082,False,0.24029079329314273,,,C:\Users\hafizna.fadhli\Downloads\36. DFR GANGGUAN UIT JBT\raw_data\UPT BEKASI\2022\06.JUNI\03062022 - Final Trip SUTT 70 kV Tambun - Toyogiri #1\DFR\GI Tambun\2022-06-03-23-43-02-309_140(0)_F phasa C (Gangguan ke-2).cfg
39,UPT BEKASI,2022,06.JUNI,03062022 - Final Trip SUTT 70 kV Tambun - Toyogiri #1,030622_DFR TYGRI TMBUN 1 (fault 2).CFG,,PETIR (TRANSIEN),1.0,2,petir_decision_tree,"Classifier ML: probabilitas PETIR=100%  dur=498ms  fault_count=1  i0/i1=0.99  — gangguan transien, AR berhasil, tidak perlu crew lapangan.",ULTG BEKASI   TYGRI   DIST TAMBUN 1 V4.6 Var,UNKNOWN,three_pole,B+C+A,498.0000305175781,1,9.930670738220215,0.9929052630523488,,0.08433448885054153,,,C:\Users\hafizna.fadhli\Downloads\36. DFR GANGGUAN UIT JBT\raw_data\UPT BEKASI\2022\06.JUNI\03062022 - Final Trip SUTT 70 kV Tambun - Toyogiri #1\DFR\GI Toyogiri\DFR TYGRI TMBUN 1_03062022\030622_DFR TYGRI TMBUN 1 (fault 2).CFG
40,UPT BEKASI,2022,06.JUNI,03062022 - Final Trip SUTT 70 kV Tambun - Toyogiri #1,030622_DFR TYGRI TMBUN 1.CFG,,PETIR (TRANSIEN),1.0,2,petir_decision_tree,"Classifier ML: probabilitas PETIR=100%  dur=101ms  fault_count=1  i0/i1=1.00  — gangguan transien, AR berhasil, tidak perlu crew lapangan.",ULTG BEKASI   TYGRI   DIST TAMBUN 1 V4.6 Var,UNKNOWN,three_pole,B+A+C,101.00000762939453,1,10.207162857055664,0.99606952323102,,0.01478323948512617,,,C:\Users\hafizna.fadhli\Downloads\36. DFR GANGGUAN UIT JBT\raw_data\UPT BEKASI\2022\06.JUNI\03062022 - Final Trip SUTT 70 kV Tambun - Toyogiri #1\DFR\GI Toyogiri\DFR TYGRI TMBUN 1_03062022\030622_DFR TYGRI TMBUN 1.CFG
41,UPT BEKASI,2022,07. JULI,04072022 - Final Trip Bay Jatiwaringin GIS New Tambun,DR BAY TAMBUN#1 KE-2.CFG,,PETIR (TRANSIEN),1.0,2,petir_decision_tree,"Classifier ML: probabilitas PETIR=100%  dur=658ms  fault_count=1  i0/i1=1.00  — gangguan transien, AR berhasil, tidak perlu crew lapangan.",OHL Tambun 1,UNKNOWN,three_pole,B+A+C,657.9999389648438,1,15.841147422790527,0.9991760052451454,,-1.448858567151222,,,C:\Users\hafizna.fadhli\Downloads\36. DFR GANGGUAN UIT JBT\raw_data\UPT BEKASI\2022\07. JULI\04072022 - Final Trip Bay Jatiwaringin GIS New Tambun\DFR\GIS Jatiwaringin Bay Tambun #1\GANGGUAN BAY TAMBUN#1\DR BAY TAMBUN#1 KE-2.CFG
42,UPT BEKASI,2022,07. JULI,04072022 - Final Trip Bay Jatiwaringin GIS New Tambun,DR BAY TAMBUN#1.CFG,,PETIR (TRANSIEN),1.0,2,petir_decision_tree,"Classifier ML: probabilitas PETIR=100%  dur=1170ms  fault_count=1  i0/i1=0.80  — gangguan transien, AR berhasil, tidak perlu crew lapangan.",OHL Tambun 1,UNKNOWN,three_pole,A+B+C,1170.0001220703125,1,8.768321990966797,0.7977538588850404,,0.7721219881471403,,,C:\Users\hafizna.fadhli\Downloads\36. DFR GANGGUAN UIT JBT\raw_data\UPT BEKASI\2022\07. JULI\04072022 - Final Trip Bay Jatiwaringin GIS New Tambun\DFR\GIS Jatiwaringin Bay Tambun #1\GANGGUAN BAY TAMBUN#1\DR BAY TAMBUN#1.CFG
43,UPT BEKASI,2022,07. JULI,04072022 - Final Trip Bay Jatiwaringin GIS New Tambun,147_47202282458300_FRA00147.CFG,,PETIR (TRANSIEN),1.0,2,petir_decision_tree,"Classifier ML: probabilitas PETIR=100%  dur=699ms  fault_count=1  i0/i1=0.55  — gangguan transien, AR berhasil, tidak perlu crew lapangan.",E08_F871,UNKNOWN,single_pole,A+B,699.0,1,9.339693069458008,0.5499301793606591,,0.005547756723182476,,,C:\Users\hafizna.fadhli\Downloads\36. DFR GANGGUAN UIT JBT\raw_data\UPT BEKASI\2022\07. JULI\04072022 - Final Trip Bay Jatiwaringin GIS New Tambun\DFR\GIS Tambun Bay Jatiwaringin #1\147_47202282458300_FRA00147.CFG
44,UPT BEKASI,2022,07. JULI,04072022 - Final Trip Bay Jatiwaringin GIS New Tambun,148_4720228251761_FRA00148.CFG,,PETIR (TRANSIEN),1.0,2,petir_decision_tree,"Classifier ML: probabilitas PETIR=100%  dur=117ms  fault_count=1  i0/i1=0.56  — gangguan transien, AR berhasil, tidak perlu crew lapangan.",E08_F871,UNKNOWN,single_pole,B,116.99998474121094,1,9.540414810180664,0.564040637507375,,0.0068919967559654665,,,C:\Users\hafizna.fadhli\Downloads\36. DFR GANGGUAN UIT JBT\raw_data\UPT BEKASI\2022\07. JULI\04072022 - Final Trip Bay Jatiwaringin GIS New Tambun\DFR\GIS Tambun Bay Jatiwaringin #1\148_4720228251761_FRA00148.CFG
45,UPT BEKASI,2024,Apr 2024,20240401_Reclose Juishin - Cileungsi_Petir BFO,FR000001.cfg,PETIR,PETIR (TRANSIEN),1.0,2,petir_decision_tree,"Classifier ML: probabilitas PETIR=100%  dur=98ms  fault_count=1  i0/i1=0.96  — gangguan transien, AR berhasil, tidak perlu crew lapangan.",GI JUISHIN BAY CILEUNGSI   Folder   7SA522 V4.7 Var,UNKNOWN,single_pole,C,97.99999237060547,1,9.133055686950684,0.9625458923137888,,0.8537381153746414,,,C:\Users\hafizna.fadhli\Downloads\36. DFR GANGGUAN UIT JBT\raw_data\UPT BEKASI\2024\Apr 2024\20240401_Reclose Juishin - Cileungsi_Petir BFO\010424\FR000001.cfg
46,UPT BEKASI,2024,Apr 2024,20240401_Reclose Juishin - Cileungsi_Petir BFO,Reclose_Bay_Juishin_phasa_T_01042024.CFG,PETIR,PETIR (TRANSIEN),1.0,2,petir_decision_tree,"Classifier ML: probabilitas PETIR=100%  dur=112ms  fault_count=1  i0/i1=1.08  — gangguan transien, AR berhasil, tidak perlu crew lapangan.",Reclose_bay_juishin_2024   Folder   7SA522 V4.7 Var,UNKNOWN,single_pole,C,111.99998474121094,1,4.340188503265381,1.0824263634467128,,0.4933676945066766,,,C:\Users\hafizna.fadhli\Downloads\36. DFR GANGGUAN UIT JBT\raw_data\UPT BEKASI\2024\Apr 2024\20240401_Reclose Juishin - Cileungsi_Petir BFO\Reclose_Bay_Juishin_phasa_T_01042024\Reclose_Bay_Juishin_phasa_T_01042024.CFG
47,UPT BEKASI,2024,Feb 2024,01022024 Reclose Cibatu bay Cileungsi_PETIR,Cibatu_Reclose_PhS_01022024.CFG,PETIR,PETIR (TRANSIEN),1.0,2,petir_decision_tree,"Classifier ML: probabilitas PETIR=100%  dur=99ms  fault_count=1  i0/i1=1.95  — gangguan transien, AR berhasil, tidak perlu crew lapangan.",Cibatu_Reclose_0102024   Folder   7SA522 V4.7 Var,UNKNOWN,single_pole,B,99.00000762939453,1,4.575027942657471,1.948944021091334,,0.9239631155322872,,,C:\Users\hafizna.fadhli\Downloads\36. DFR GANGGUAN UIT JBT\raw_data\UPT BEKASI\2024\Feb 2024\01022024 Reclose Cibatu bay Cileungsi_PETIR\Bay_Cibatu_Reclose_Phasa_S_01022024\Cibatu_Reclose_PhS_01022024.CFG
48,UPT BEKASI,2024,Feb 2024,25022024 Reclose Juishin - Cileungsi_PETIR,Reclose_Bay_Juishin_phasa_R_25022024.CFG,PETIR,PETIR (TRANSIEN),1.0,2,petir_decision_tree,"Classifier ML: probabilitas PETIR=100%  dur=118ms  fault_count=1  i0/i1=0.93  — gangguan transien, AR berhasil, tidak perlu crew lapangan.",Reclose_Bay_Juishin02   Folder   7SA522 V4.7 Var,UNKNOWN,single_pole,A,118.00001525878906,1,3.708914279937744,0.925460101596883,,0.3775671184086735,,,C:\Users\hafizna.fadhli\Downloads\36. DFR GANGGUAN UIT JBT\raw_data\UPT BEKASI\2024\Feb 2024\25022024 Reclose Juishin - Cileungsi_PETIR\GI Cileungsi Reclose bay Juishin Phasa R 26 Feb 2024\reclose juishin phasa r\Reclose_Bay_Juishin_phasa_R_25022024.CFG
49,UPT BOGOR,2022,02. februari,01022022 - Bunar rangkas,Friday 10 December 2021 21.28.27.000.CFG,,PETIR (TRANSIEN),1.0,2,petir_decision_tree,"Classifier ML: probabilitas PETIR=100%  dur=93ms  fault_count=2  i0/i1=1.44  — gangguan transien, AR berhasil, tidak perlu crew lapangan.",MiCOM,Z1,single_pole,C,93.29598999023438,2,662.7999877929688,1.4371546002240505,True,0.7923461837932961,,,C:\Users\hafizna.fadhli\Downloads\36. DFR GANGGUAN UIT JBT\raw_data\UPT BOGOR\2022\02. februari\01022022 - Bunar rangkas\rangkas1.01feb22_agsys\rangkas1.01feb22_agsys\P442\1\DR\Friday 10 December 2021 21.28.27.000.CFG
51,UPT BOGOR,2022,02. februari,08022022 - lembursitu-cianjur 2,Friday 04 February 2022 14.03.47.000.CFG,,PETIR (TRANSIEN),1.0,2,petir_decision_tree,"Classifier ML: probabilitas PETIR=100%  dur=80ms  fault_count=1  i0/i1=1.03  — gangguan transien, AR berhasil, tidak perlu crew lapangan.",AREVA,Z1,single_pole,A,79.96800231933594,1,8784.75,1.0330416499345676,,0.49733575157688137,,,C:\Users\hafizna.fadhli\Downloads\36. DFR GANGGUAN UIT JBT\raw_data\UPT BOGOR\2022\02. februari\08022022 - lembursitu-cianjur 2\GGN 04022022 CIANJUR 2 DI GI LSITU\GGN 04022022 CIANJUR 2 DI GI LSITU\DR\Friday 04 February 2022 14.03.47.000.CFG
52,UPT BOGOR,2022,02. februari,17022022 - Sentul cibinong#1,"220217,082149200,+7h0,GI 150KV SENTUL,CIBINONG 1-2,Qualitrol LLC.cfg",,PETIR (TRANSIEN),1.0,2,petir_decision_tree,"Classifier ML: probabilitas PETIR=100%  dur=168ms  fault_count=2  i0/i1=1.05  — gangguan transien, AR berhasil, tidak perlu crew lapangan. | [CATATAN: Tipe proteksi tidak teridentifikasi dari sinyal digital — diklasifikasikan berdasarkan analisis gelombang arus/tegangan saja. Verifikasi manual diperlukan.]",GI 150KV SENTUL,UNKNOWN,unknown,,168.47654724121094,2,13839.277267456055,1.0544265104037656,,0.4666025505925097,,,"C:\Users\hafizna.fadhli\Downloads\36. DFR GANGGUAN UIT JBT\raw_data\UPT BOGOR\2022\02. februari\17022022 - Sentul cibinong#1\cibinong 1\cibinong 1\220217,082149200,+7h0,GI 150KV SENTUL,CIBINONG 1-2,Qualitrol LLC.cfg"
53,UPT BOGOR,2022,02. februari,19022022 - kracak-kedungbadak#1,Friday 10 November 2017 14.08.35.000.CFG,,PETIR (TRANSIEN),1.0,2,petir_decision_tree,"Classifier ML: probabilitas PETIR=100%  dur=105ms  fault_count=4  i0/i1=7.27  — gangguan transien, AR berhasil, tidak perlu crew lapangan.",MiCOM,Z1,three_pole,A+B+C,104.9580307006836,4,1015.7410278320312,7.271879796151132,True,0.003040110836869499,,,C:\Users\hafizna.fadhli\Downloads\36. DFR GANGGUAN UIT JBT\raw_data\UPT BOGOR\2022\02. februari\19022022 - kracak-kedungbadak#1\Gangguan Kd. Badak 1 tgl 190222\Gangguan Kd. Badak 1\DR\Friday 10 November 2017 14.08.35.000.CFG
54,UPT BOGOR,2022,02. februari,19022022 - kracak-kedungbadak#1,Friday 10 November 2017 14.08.35.001.CFG,,PETIR (TRANSIEN),1.0,2,petir_decision_tree,"Classifier ML: probabilitas PETIR=100%  dur=105ms  fault_count=4  i0/i1=7.27  — gangguan transien, AR berhasil, tidak perlu crew lapangan.",MiCOM,Z1,three_pole,A+B+C,104.9580307006836,4,1015.7410278320312,7.271879796151132,True,0.003040110836869499,,,C:\Users\hafizna.fadhli\Downloads\36. DFR GANGGUAN UIT JBT\raw_data\UPT BOGOR\2022\02. februari\19022022 - kracak-kedungbadak#1\Gangguan Kd. Badak 1 tgl 190222\Gangguan Kd. Badak 1\DR\Friday 10 November 2017 14.08.35.001.CFG
55,UPT BOGOR,2022,02. februari,19022022 - kracak-kedungbadak#1,Friday 15 February 2019 19.40.00.000.CFG,,PETIR (TRANSIEN),1.0,2,petir_decision_tree,"Classifier ML: probabilitas PETIR=100%  dur=329ms  fault_count=5  i0/i1=2.43  — gangguan transien, AR berhasil, tidak perlu crew lapangan.",MiCOM,Z1,three_pole,A+B+C,328.59600830078125,5,2734.050048828125,2.428718602185932,True,0.6027098269473161,,,C:\Users\hafizna.fadhli\Downloads\36. DFR GANGGUAN UIT JBT\raw_data\UPT BOGOR\2022\02. februari\19022022 - kracak-kedungbadak#1\Gangguan Kd. Badak 1 tgl 190222\Gangguan Kd. Badak 1\DR\Friday 15 February 2019 19.40.00.000.CFG
56,UPT BOGOR,2022,02. februari,19022022 - kracak-kedungbadak#1,Friday 26 April 2019 16.03.43.000.CFG,,PETIR (TRANSIEN),1.0,2,petir_decision_tree,"Classifier ML: probabilitas PETIR=100%  dur=157ms  fault_count=3  i0/i1=1.00  — gangguan transien, AR berhasil, tidak perlu crew lapangan.",MiCOM,Z1+Z3,three_pole,A+B+C,156.7919921875,3,2054.679931640625,1.0021508577070002,True,0.01301653115777817,,,C:\Users\hafizna.fadhli\Downloads\36. DFR GANGGUAN UIT JBT\raw_data\UPT BOGOR\2022\02. februari\19022022 - kracak-kedungbadak#1\Gangguan Kd. Badak 1 tgl 190222\Gangguan Kd. Badak 1\DR\Friday 26 April 2019 16.03.43.000.CFG
57,UPT BOGOR,2022,02. februari,19022022 - kracak-kedungbadak#1,Friday 26 April 2019 16.10.08.000.CFG,,PETIR (TRANSIEN),1.0,2,petir_decision_tree,"Classifier ML: probabilitas PETIR=100%  dur=437ms  fault_count=1  i0/i1=0.16  — gangguan transien, AR berhasil, tidak perlu crew lapangan.",MiCOM,Z3+Z2,unknown,A+B+C,437.1059875488281,1,1774.64697265625,0.16228754926345287,True,0.852158508174418,,,C:\Users\hafizna.fadhli\Downloads\36. DFR GANGGUAN UIT JBT\raw_data\UPT BOGOR\2022\02. februari\19022022 - kracak-kedungbadak#1\Gangguan Kd. Badak 1 tgl 190222\Gangguan Kd. Badak 1\DR\Friday 26 April 2019 16.10.08.000.CFG
58,UPT BOGOR,2022,02. februari,19022022 - kracak-kedungbadak#1,Friday 29 March 2019 15.41.35.000.CFG,,PETIR (TRANSIEN),1.0,2,petir_decision_tree,"Classifier ML: probabilitas PETIR=100%  dur=165ms  fault_count=2  i0/i1=1.00  — gangguan transien, AR berhasil, tidak perlu crew lapangan.",MiCOM,Z1,three_pole,A+B+C,165.13201904296875,2,1628.8310546875,1.001134608218072,True,0.015779843963532603,,,C:\Users\hafizna.fadhli\Downloads\36. DFR GANGGUAN UIT JBT\raw_data\UPT BOGOR\2022\02. februari\19022022 - kracak-kedungbadak#1\Gangguan Kd. Badak 1 tgl 190222\Gangguan Kd. Badak 1\DR\Friday 29 March 2019 15.41.35.000.CFG
59,UPT BOGOR,2022,02. februari,19022022 - kracak-kedungbadak#1,Friday 31 August 2018 17.41.26.000.CFG,,PETIR (TRANSIEN),1.0,2,petir_decision_tree,"Classifier ML: probabilitas PETIR=100%  dur=228ms  fault_count=1  i0/i1=1.02  — gangguan transien, AR berhasil, tidak perlu crew lapangan.",MiCOM,Z1+Z3+Z2,three_pole,A+B+C,228.24197387695312,1,3438.27490234375,1.0229191468959364,,0.0330918911517736,,,C:\Users\hafizna.fadhli\Downloads\36. DFR GANGGUAN UIT JBT\raw_data\UPT BOGOR\2022\02. februari\19022022 - kracak-kedungbadak#1\Gangguan Kd. Badak 1 tgl 190222\Gangguan Kd. Badak 1\DR\Friday 31 August 2018 17.41.26.000.CFG
60,UPT BOGOR,2022,02. februari,19022022 - kracak-kedungbadak#1,Monday 11 November 2019 15.18.48.000.CFG,,PETIR (TRANSIEN),1.0,2,petir_decision_tree,"Classifier ML: probabilitas PETIR=100%  dur=188ms  fault_count=4  i0/i1=0.74  — gangguan transien, AR berhasil, tidak perlu crew lapangan.",MiCOM,Z1+Z3+Z2,three_pole,A+B+C,188.48394775390625,4,241.9219970703125,0.7443867753662108,True,0.8857819155142542,,,C:\Users\hafizna.fadhli\Downloads\36. DFR GANGGUAN UIT JBT\raw_data\UPT BOGOR\2022\02. februari\19022022 - kracak-kedungbadak#1\Gangguan Kd. Badak 1 tgl 190222\Gangguan Kd. Badak 1\DR\Monday 11 November 2019 15.18.48.000.CFG
61,UPT BOGOR,2022,02. februari,19022022 - kracak-kedungbadak#1,Monday 27 February 2017 14.28.57.000.CFG,,PETIR (TRANSIEN),1.0,2,petir_decision_tree,"Classifier ML: probabilitas PETIR=100%  dur=169ms  fault_count=1  i0/i1=14.53  — gangguan transien, AR berhasil, tidak perlu crew lapangan.",MiCOM,Z3,unknown,A+C,169.30198669433594,1,555.094970703125,14.529418317899992,True,0.6087328867307861,,,C:\Users\hafizna.fadhli\Downloads\36. DFR GANGGUAN UIT JBT\raw_data\UPT BOGOR\2022\02. februari\19022022 - kracak-kedungbadak#1\Gangguan Kd. Badak 1 tgl 190222\Gangguan Kd. Badak 1\DR\Monday 27 February 2017 14.28.57.000.CFG
62,UPT BOGOR,2022,02. februari,19022022 - kracak-kedungbadak#1,Saturday 09 February 2019 16.12.46.000.CFG,,PETIR (TRANSIEN),1.0,2,petir_decision_tree,"Classifier ML: probabilitas PETIR=100%  dur=227ms  fault_count=1  i0/i1=0.79  — gangguan transien, AR berhasil, tidak perlu crew lapangan.",MiCOM,Z1+Z3+Z2,three_pole,A+B+C,227.39198303222656,1,2458.988037109375,0.7876697675639291,,0.9037586364555452,,,C:\Users\hafizna.fadhli\Downloads\36. DFR GANGGUAN UIT JBT\raw_data\UPT BOGOR\2022\02. februari\19022022 - kracak-kedungbadak#1\Gangguan Kd. Badak 1 tgl 190222\Gangguan Kd. Badak 1\DR\Saturday 09 February 2019 16.12.46.000.CFG
63,UPT BOGOR,2022,02. februari,19022022 - kracak-kedungbadak#1,Saturday 09 September 2017 18.57.41.000.CFG,,PETIR (TRANSIEN),1.0,2,petir_decision_tree,"Classifier ML: probabilitas PETIR=100%  dur=256ms  fault_count=1  i0/i1=1.00  — gangguan transien, AR berhasil, tidak perlu crew lapangan.",MiCOM,Z1+Z2,three_pole,A+B+C,256.2559814453125,1,2024.85400390625,1.0037519086013058,,0.006389870196809767,,,C:\Users\hafizna.fadhli\Downloads\36. DFR GANGGUAN UIT JBT\raw_data\UPT BOGOR\2022\02. februari\19022022 - kracak-kedungbadak#1\Gangguan Kd. Badak 1 tgl 190222\Gangguan Kd. Badak 1\DR\Saturday 09 September 2017 18.57.41.000.CFG
64,UPT BOGOR,2022,02. februari,19022022 - kracak-kedungbadak#1,Saturday 12 January 2019 14.57.04.000.CFG,,PETIR (TRANSIEN),1.0,2,petir_decision_tree,"Classifier ML: probabilitas PETIR=100%  dur=374ms  fault_count=4  i0/i1=1.00  — gangguan transien, AR berhasil, tidak perlu crew lapangan.",MiCOM,Z1+Z2,three_pole,A+B+C,373.63201904296875,4,1123.446044921875,1.0043707962600419,True,0.515593091028162,,,C:\Users\hafizna.fadhli\Downloads\36. DFR GANGGUAN UIT JBT\raw_data\UPT BOGOR\2022\02. februari\19022022 - kracak-kedungbadak#1\Gangguan Kd. Badak 1 tgl 190222\Gangguan Kd. Badak 1\DR\Saturday 12 January 2019 14.57.04.000.CFG
65,UPT BOGOR,2022,02. februari,19022022 - kracak-kedungbadak#1,Saturday 16 September 2017 08.22.08.000.CFG,,NON-PETIR — PERLU INVESTIGASI,0.907,2,petir_decision_tree_non_petir,Classifier ML: bukan PETIR (prob non-PETIR=91%)  dur=426ms  fault_count=2  — penyebab spesifik belum dapat ditentukan (LAYANG/POHON/HEWAN/BENDA ASING butuh lebih banyak data latih).,MiCOM,Z1,three_pole,A+B+C,426.4960021972656,2,3231.14990234375,1.5622856026646281,True,0.9444843167308192,,,C:\Users\hafizna.fadhli\Downloads\36. DFR GANGGUAN UIT JBT\raw_data\UPT BOGOR\2022\02. februari\19022022 - kracak-kedungbadak#1\Gangguan Kd. Badak 1 tgl 190222\Gangguan Kd. Badak 1\DR\Saturday 16 September 2017 08.22.08.000.CFG
66,UPT BOGOR,2022,02. februari,19022022 - kracak-kedungbadak#1,Saturday 16 September 2017 08.34.02.000.CFG,,PETIR (TRANSIEN),1.0,2,petir_decision_tree,"Classifier ML: probabilitas PETIR=100%  dur=314ms  fault_count=3  i0/i1=1.00  — gangguan transien, AR berhasil, tidak perlu crew lapangan.",MiCOM,Z1,three_pole,A+B+C,313.583984375,3,1824.3570556640625,1.0037881188147826,True,0.958534155655517,,,C:\Users\hafizna.fadhli\Downloads\36. DFR GANGGUAN UIT JBT\raw_data\UPT BOGOR\2022\02. februari\19022022 - kracak-kedungbadak#1\Gangguan Kd. Badak 1 tgl 190222\Gangguan Kd. Badak 1\DR\Saturday 16 September 2017 08.34.02.000.CFG
67,UPT BOGOR,2022,02. februari,19022022 - kracak-kedungbadak#1,Saturday 17 June 2017 20.30.54.000.CFG,,PETIR (TRANSIEN),1.0,2,petir_decision_tree,"Classifier ML: probabilitas PETIR=100%  dur=255ms  fault_count=2  i0/i1=1.00  — gangguan transien, AR berhasil, tidak perlu crew lapangan.",MiCOM,Z1+Z3+Z2,three_pole,A+B+C,254.5919952392578,2,2202.153076171875,1.0023029608321856,True,0.006282897826098642,,,C:\Users\hafizna.fadhli\Downloads\36. DFR GANGGUAN UIT JBT\raw_data\UPT BOGOR\2022\02. februari\19022022 - kracak-kedungbadak#1\Gangguan Kd. Badak 1 tgl 190222\Gangguan Kd. Badak 1\DR\Saturday 17 June 2017 20.30.54.000.CFG
68,UPT BOGOR,2022,02. februari,19022022 - kracak-kedungbadak#1,Saturday 19 February 2022 19.06.45.000.CFG,,PETIR (TRANSIEN),1.0,2,petir_decision_tree,"Classifier ML: probabilitas PETIR=100%  dur=95ms  fault_count=4  i0/i1=1.77  — gangguan transien, AR berhasil, tidak perlu crew lapangan.",MiCOM,Z1,three_pole,A+B+C,94.84797668457031,4,1942.0040283203125,1.7722051172120825,True,0.9628715147991085,,,C:\Users\hafizna.fadhli\Downloads\36. DFR GANGGUAN UIT JBT\raw_data\UPT BOGOR\2022\02. februari\19022022 - kracak-kedungbadak#1\Gangguan Kd. Badak 1 tgl 190222\Gangguan Kd. Badak 1\DR\Saturday 19 February 2022 19.06.45.000.CFG
69,UPT BOGOR,2022,02. februari,19022022 - kracak-kedungbadak#1,Saturday 24 October 2020 16.31.07.000.CFG,,PETIR (TRANSIEN),1.0,2,petir_decision_tree,"Classifier ML: probabilitas PETIR=100%  dur=112ms  fault_count=1  i0/i1=0.33  — gangguan transien, AR berhasil, tidak perlu crew lapangan.",MiCOM,Z1,three_pole,A+B+C,111.75596618652344,1,2637.944091796875,0.33141395467799967,,0.8789491056300857,,,C:\Users\hafizna.fadhli\Downloads\36. DFR GANGGUAN UIT JBT\raw_data\UPT BOGOR\2022\02. februari\19022022 - kracak-kedungbadak#1\Gangguan Kd. Badak 1 tgl 190222\Gangguan Kd. Badak 1\DR\Saturday 24 October 2020 16.31.07.000.CFG
70,UPT BOGOR,2022,02. februari,19022022 - kracak-kedungbadak#1,Sunday 13 January 2019 14.56.45.000.CFG,,PETIR (TRANSIEN),1.0,2,petir_decision_tree,"Classifier ML: probabilitas PETIR=100%  dur=338ms  fault_count=4  i0/i1=2.16  — gangguan transien, AR berhasil, tidak perlu crew lapangan.",MiCOM,Z1,three_pole,A+B+C,337.7919921875,4,2859.98193359375,2.162187016949945,True,0.6422400413681327,,,C:\Users\hafizna.fadhli\Downloads\36. DFR GANGGUAN UIT JBT\raw_data\UPT BOGOR\2022\02. februari\19022022 - kracak-kedungbadak#1\Gangguan Kd. Badak 1 tgl 190222\Gangguan Kd. Badak 1\DR\Sunday 13 January 2019 14.56.45.000.CFG
71,UPT BOGOR,2022,02. februari,19022022 - kracak-kedungbadak#1,Sunday 24 September 2017 14.44.09.000.CFG,,PETIR (TRANSIEN),1.0,2,petir_decision_tree,"Classifier ML: probabilitas PETIR=100%  dur=327ms  fault_count=2  i0/i1=6.38  — gangguan transien, AR berhasil, tidak perlu crew lapangan.",MiCOM,Z1,three_pole,A+B+C,326.5360107421875,2,369.510986328125,6.379875520470072,True,0.8859266989385389,,,C:\Users\hafizna.fadhli\Downloads\36. DFR GANGGUAN UIT JBT\raw_data\UPT BOGOR\2022\02. februari\19022022 - kracak-kedungbadak#1\Gangguan Kd. Badak 1 tgl 190222\Gangguan Kd. Badak 1\DR\Sunday 24 September 2017 14.44.09.000.CFG
72,UPT BOGOR,2022,02. februari,19022022 - kracak-kedungbadak#1,Sunday 30 May 2021 19.27.08.000.CFG,,PETIR (TRANSIEN),1.0,2,petir_decision_tree,"Classifier ML: probabilitas PETIR=100%  dur=90ms  fault_count=5  i0/i1=1.00  — gangguan transien, AR berhasil, tidak perlu crew lapangan.",MiCOM,Z1+Z2,three_pole,A+B+C,89.85602569580078,5,1819.385986328125,1.003426465982099,True,0.11994413951012234,,,C:\Users\hafizna.fadhli\Downloads\36. DFR GANGGUAN UIT JBT\raw_data\UPT BOGOR\2022\02. februari\19022022 - kracak-kedungbadak#1\Gangguan Kd. Badak 1 tgl 190222\Gangguan Kd. Badak 1\DR\Sunday 30 May 2021 19.27.08.000.CFG
73,UPT BOGOR,2022,02. februari,19022022 - kracak-kedungbadak#1,Thursday 02 January 2020 11.18.03.000.CFG,,PETIR (TRANSIEN),1.0,2,petir_decision_tree,"Classifier ML: probabilitas PETIR=100%  dur=164ms  fault_count=3  i0/i1=1.65  — gangguan transien, AR berhasil, tidak perlu crew lapangan.",MiCOM,Z1,three_pole,A+B+C,163.66001892089844,3,1917.1490478515625,1.6539586052295767,True,0.8495965133668112,,,C:\Users\hafizna.fadhli\Downloads\36. DFR GANGGUAN UIT JBT\raw_data\UPT BOGOR\2022\02. februari\19022022 - kracak-kedungbadak#1\Gangguan Kd. Badak 1 tgl 190222\Gangguan Kd. Badak 1\DR\Thursday 02 January 2020 11.18.03.000.CFG
74,UPT BOGOR,2022,02. februari,19022022 - kracak-kedungbadak#1,Thursday 28 February 2019 16.02.14.000.CFG,,PETIR (TRANSIEN),1.0,2,petir_decision_tree,"Classifier ML: probabilitas PETIR=100%  dur=239ms  fault_count=5  i0/i1=1.00  — gangguan transien, AR berhasil, tidak perlu crew lapangan.",MiCOM,Z1+Z2,three_pole,A+B+C,239.32797241210938,5,1067.1080322265625,1.0019922649856667,True,-0.002463023661783315,,,C:\Users\hafizna.fadhli\Downloads\36. DFR GANGGUAN UIT JBT\raw_data\UPT BOGOR\2022\02. februari\19022022 - kracak-kedungbadak#1\Gangguan Kd. Badak 1 tgl 190222\Gangguan Kd. Badak 1\DR\Thursday 28 February 2019 16.02.14.000.CFG
75,UPT BOGOR,2022,02. februari,19022022 - kracak-kedungbadak#1,Thursday 28 March 2019 13.04.41.000.CFG,,PETIR (TRANSIEN),1.0,2,petir_decision_tree,"Classifier ML: probabilitas PETIR=100%  dur=200ms  fault_count=3  i0/i1=2.77  — gangguan transien, AR berhasil, tidak perlu crew lapangan.",MiCOM,Z1,three_pole,A+B+C,200.15997314453125,3,2162.385009765625,2.7650299570103285,True,0.7489186256692849,,,C:\Users\hafizna.fadhli\Downloads\36. DFR GANGGUAN UIT JBT\raw_data\UPT BOGOR\2022\02. februari\19022022 - kracak-kedungbadak#1\Gangguan Kd. Badak 1 tgl 190222\Gangguan Kd. Badak 1\DR\Thursday 28 March 2019 13.04.41.000.CFG
76,UPT BOGOR,2022,02. februari,19022022 - kracak-kedungbadak#1,Thursday 28 March 2019 13.05.27.000.CFG,,PETIR (TRANSIEN),1.0,2,petir_decision_tree,"Classifier ML: probabilitas PETIR=100%  dur=21ms  fault_count=1  i0/i1=1.03  — gangguan transien, AR berhasil, tidak perlu crew lapangan.",MiCOM,Z3,unknown,B,20.85000228881836,1,641.2589721679688,1.0348074602304,True,0.2666500804267383,,,C:\Users\hafizna.fadhli\Downloads\36. DFR GANGGUAN UIT JBT\raw_data\UPT BOGOR\2022\02. februari\19022022 - kracak-kedungbadak#1\Gangguan Kd. Badak 1 tgl 190222\Gangguan Kd. Badak 1\DR\Thursday 28 March 2019 13.05.27.000.CFG
77,UPT BOGOR,2022,02. februari,19022022 - kracak-kedungbadak#1,Tuesday 02 June 2020 16.09.23.000.CFG,,PETIR (TRANSIEN),1.0,2,petir_decision_tree,"Classifier ML: probabilitas PETIR=100%  dur=187ms  fault_count=3  i0/i1=2.08  — gangguan transien, AR berhasil, tidak perlu crew lapangan.",MiCOM,Z1,three_pole,A+B+C,186.81597900390625,3,1774.64697265625,2.084183251274473,True,0.5538653642728256,,,C:\Users\hafizna.fadhli\Downloads\36. DFR GANGGUAN UIT JBT\raw_data\UPT BOGOR\2022\02. februari\19022022 - kracak-kedungbadak#1\Gangguan Kd. Badak 1 tgl 190222\Gangguan Kd. Badak 1\DR\Tuesday 02 June 2020 16.09.23.000.CFG
78,UPT BOGOR,2022,02. februari,19022022 - kracak-kedungbadak#1,Tuesday 08 May 2018 18.09.39.000.CFG,,NON-PETIR — PERLU INVESTIGASI,0.907,2,petir_decision_tree_non_petir,Classifier ML: bukan PETIR (prob non-PETIR=91%)  dur=122ms  fault_count=11  — penyebab spesifik belum dapat ditentukan (LAYANG/POHON/HEWAN/BENDA ASING butuh lebih banyak data latih).,MiCOM,Z1,three_pole,A+B+C,121.76400756835938,11,4222.0361328125,3.0532121338472114,True,0.8980239791985756,,,C:\Users\hafizna.fadhli\Downloads\36. DFR GANGGUAN UIT JBT\raw_data\UPT BOGOR\2022\02. februari\19022022 - kracak-kedungbadak#1\Gangguan Kd. Badak 1 tgl 190222\Gangguan Kd. Badak 1\DR\Tuesday 08 May 2018 18.09.39.000.CFG
79,UPT BOGOR,2022,02. februari,19022022 - kracak-kedungbadak#1,Tuesday 19 October 2021 09.59.57.000.CFG,,PETIR (TRANSIEN),1.0,2,petir_decision_tree,"Classifier ML: probabilitas PETIR=100%  dur=679ms  fault_count=1  i0/i1=0.06  — gangguan transien, AR berhasil, tidak perlu crew lapangan. | [CATATAN: Tipe proteksi tidak teridentifikasi dari sinyal digital — diklasifikasikan berdasarkan analisis gelombang arus/tegangan saja. Verifikasi manual diperlukan.]",MiCOM,UNKNOWN,unknown,B+C,678.8760375976562,1,2818.556884765625,0.06452716040060491,,0.8854064931380939,,,C:\Users\hafizna.fadhli\Downloads\36. DFR GANGGUAN UIT JBT\raw_data\UPT BOGOR\2022\02. februari\19022022 - kracak-kedungbadak#1\Gangguan Kd. Badak 1 tgl 190222\Gangguan Kd. Badak 1\DR\Tuesday 19 October 2021 09.59.57.000.CFG
80,UPT BOGOR,2022,02. februari,19022022 - kracak-kedungbadak#1,Wednesday 07 December 2016 06.39.55.000.CFG,,PETIR (TRANSIEN),1.0,2,petir_decision_tree,"Classifier ML: probabilitas PETIR=100%  dur=367ms  fault_count=3  i0/i1=1.54  — gangguan transien, AR berhasil, tidak perlu crew lapangan.",MiCOM,Z1,three_pole,A+B+C,366.96002197265625,3,2285.0029296875,1.5404401675885027,True,0.9647302961074945,,,C:\Users\hafizna.fadhli\Downloads\36. DFR GANGGUAN UIT JBT\raw_data\UPT BOGOR\2022\02. februari\19022022 - kracak-kedungbadak#1\Gangguan Kd. Badak 1 tgl 190222\Gangguan Kd. Badak 1\DR\Wednesday 07 December 2016 06.39.55.000.CFG
81,UPT BOGOR,2022,02. februari,19022022 - kracak-kedungbadak#1,Wednesday 19 April 2017 14.35.09.000.CFG,,PETIR (TRANSIEN),1.0,2,petir_decision_tree,"Classifier ML: probabilitas PETIR=100%  dur=319ms  fault_count=1  i0/i1=0.01  — gangguan transien, AR berhasil, tidak perlu crew lapangan.",MiCOM,Z1,three_pole,A+B+C,318.97003173828125,1,1688.4830322265625,0.0059527798050831105,,0.36593720537672186,,,C:\Users\hafizna.fadhli\Downloads\36. DFR GANGGUAN UIT JBT\raw_data\UPT BOGOR\2022\02. februari\19022022 - kracak-kedungbadak#1\Gangguan Kd. Badak 1 tgl 190222\Gangguan Kd. Badak 1\DR\Wednesday 19 April 2017 14.35.09.000.CFG
82,UPT BOGOR,2022,02. februari,19022022 - kracak-kedungbadak#1,Sunday 25 September 2011 21.14.53.000.CFG,,PETIR (TRANSIEN),1.0,2,petir_decision_tree,"Classifier ML: probabilitas PETIR=100%  dur=20ms  fault_count=1  i0/i1=0.03  — gangguan transien, AR berhasil, tidak perlu crew lapangan. | [CATATAN: Tipe proteksi tidak teridentifikasi dari sinyal digital — diklasifikasikan berdasarkan analisis gelombang arus/tegangan saja. Verifikasi manual diperlukan.]",MiCOM,UNKNOWN,unknown,,20.007997512817383,1,237.53199768066406,0.029337876715890738,,0.4908249227826844,,,C:\Users\hafizna.fadhli\Downloads\36. DFR GANGGUAN UIT JBT\raw_data\UPT BOGOR\2022\02. februari\19022022 - kracak-kedungbadak#1\Kopel Kracak\Kopel Kracak\DR\Sunday 25 September 2011 21.14.53.000.CFG
83,UPT BOGOR,2022,02. februari,19022022 - kracak-kedungbadak#1,19.02.22 18.21.58.000.000.CFG,,PETIR (TRANSIEN),1.0,2,petir_decision_tree,"Classifier ML: probabilitas PETIR=100%  dur=100ms  fault_count=4  i0/i1=1.00  — gangguan transien, AR berhasil, tidak perlu crew lapangan.",DR PHT KRACAK 1,UNKNOWN,three_pole,A+B+C,100.40092468261719,4,2054.679931640625,1.0045191033824734,True,0.0009210814056756514,,,C:\Users\hafizna.fadhli\Downloads\36. DFR GANGGUAN UIT JBT\raw_data\UPT BOGOR\2022\02. februari\19022022 - kracak-kedungbadak#1\kracak 1 19022022\kracak 1 19022022\19.02.22 18.21.58.000.000.CFG
84,UPT BOGOR,2022,12. Desember,5 desember 2022 pratu-bayah2,PCS900_RCD_01278_20221205_163510_420.CFG,,GANGGUAN PERMANEN,0.9,1,explicit_failed_reclose,"reclose_successful=False - gangguan permanen, AR gagal. Penyebab spesifik belum dapat ditentukan dari rekaman ini. Kirim tim lapangan.",NR,UNKNOWN,single_pole,A,40.83332443237305,1,6621.037109375,0.6343298839781505,False,0.1940968847820691,,,C:\Users\hafizna.fadhli\Downloads\36. DFR GANGGUAN UIT JBT\raw_data\UPT BOGOR\2022\12. Desember\5 desember 2022 pratu-bayah2\RECLOSE BAY BAYAH 2\RECLOSE BAY BAYAH 2\PCS900_RCD_01278_20221205_163510_420.CFG
85,UPT BOGOR,2022,8. agustus,CIBADAK-BOGORBARU,Saturday 27 August 2022 18.40.50.000.CFG,,PETIR (TRANSIEN),1.0,2,petir_decision_tree,"Classifier ML: probabilitas PETIR=100%  dur=80ms  fault_count=1  i0/i1=0.76  — gangguan transien, AR berhasil, tidak perlu crew lapangan.",GI CIBADAK,UNKNOWN,unknown,,79.96797180175781,1,4163.64013671875,0.7620826116630346,,0.2884666809151569,,,C:\Users\hafizna.fadhli\Downloads\36. DFR GANGGUAN UIT JBT\raw_data\UPT BOGOR\2022\8. agustus\CIBADAK-BOGORBARU\CIBADAK\Saturday 27 August 2022 18.40.50.000.CFG
86,UPT BOGOR,2022,8. agustus,SALAK BOGOR,bogor baru.cfg,,PETIR (TRANSIEN),1.0,2,petir_decision_tree,"Classifier ML: probabilitas PETIR=100%  dur=75ms  fault_count=1  i0/i1=0.59  — gangguan transien, AR berhasil, tidak perlu crew lapangan.",D60 BGBRU,Z3+Z2,single_pole,A,74.92201232910156,1,3.046679973602295,0.5942455819423004,,0.01269336746037313,,,C:\Users\hafizna.fadhli\Downloads\36. DFR GANGGUAN UIT JBT\raw_data\UPT BOGOR\2022\8. agustus\SALAK BOGOR\salak\New folder (1)\New folder\bogor baru.cfg
88,UPT BOGOR,2023,2023-03-11 GI 150 kV BOGOR BARU - SALAK BARU,GE Bay SLKRU,2023-03-11 GE Bay SLKRU.cfg,,PETIR (TRANSIEN),1.0,2,petir_decision_tree,"Classifier ML: probabilitas PETIR=100%  dur=0ms  fault_count=1  i0/i1=0.49  — gangguan transien, AR berhasil, tidak perlu crew lapangan.",D60 SLKRU,Z3,unknown,,0.0,1,22.2567138671875,0.4870313022569618,,0.029185281400989495,,,C:\Users\hafizna.fadhli\Downloads\36. DFR GANGGUAN UIT JBT\raw_data\UPT BOGOR\2023\2023-03-11 GI 150 kV BOGOR BARU - SALAK BARU\GE Bay SLKRU\2023-03-11 GE Bay SLKRU.cfg
94,UPT BOGOR,2023,2023-03-16 GI 150 kV BUNAR BAY TRAFO 2,GI BUNAR BARU_sestudio,16.03.23 13.49.40.000.000.CFG,,PETIR (TRANSIEN),1.0,2,petir_decision_tree,"Classifier ML: probabilitas PETIR=100%  dur=0ms  fault_count=1  i0/i1=0.03  — gangguan transien, AR berhasil, tidak perlu crew lapangan. | [CATATAN: Tipe proteksi tidak teridentifikasi dari sinyal digital — diklasifikasikan berdasarkan analisis gelombang arus/tegangan saja. Verifikasi manual diperlukan.]",GI BUNAR BARU,UNKNOWN,unknown,A+B+C,0.0,1,61.308998107910156,0.02933844032107228,,0.018362417733827515,,,C:\Users\hafizna.fadhli\Downloads\36. DFR GANGGUAN UIT JBT\raw_data\UPT BOGOR\2023\2023-03-16 GI 150 kV BUNAR BAY TRAFO 2\GI BUNAR BARU_sestudio\REAL MADRID\1\DR\16.03.23 13.49.40.000.000.CFG
95,UPT BOGOR,2023,2023-03-16 GI 150 kV BUNAR BAY TRAFO 2,GI BUNAR BARU_sestudio,19.05.95 23.18.56.000.000.CFG,,PETIR (TRANSIEN),1.0,2,petir_decision_tree,"Classifier ML: probabilitas PETIR=100%  dur=31ms  fault_count=1  i0/i1=0.00  — gangguan transien, AR berhasil, tidak perlu crew lapangan. | [CATATAN: Tipe proteksi tidak teridentifikasi dari sinyal digital — diklasifikasikan berdasarkan analisis gelombang arus/tegangan saja. Verifikasi manual diperlukan.]",MiCOM,UNKNOWN,unknown,,31.426071166992188,1,0.06904999911785126,0.0,,0.6200061435963866,,,C:\Users\hafizna.fadhli\Downloads\36. DFR GANGGUAN UIT JBT\raw_data\UPT BOGOR\2023\2023-03-16 GI 150 kV BUNAR BAY TRAFO 2\GI BUNAR BARU_sestudio\RELLE UFR BBVT T2\1\DR\19.05.95 23.18.56.000.000.CFG
98,UPT BOGOR,2023,"2023-04-20 SUTT 150 kV BOGOR BARU - CIAWI 1,2",GI BOGOR BARU BAY CIAWI 1,Thursday 20 April 2023 15.21.48.000.CFG,,PETIR (TRANSIEN),1.0,2,petir_decision_tree,"Classifier ML: probabilitas PETIR=100%  dur=80ms  fault_count=1  i0/i1=0.89  — gangguan transien, AR berhasil, tidak perlu crew lapangan.",BOGOR BARU,UNKNOWN,single_pole,A,79.9679183959961,1,13151.46875,0.8889414751794934,,0.6618280127114895,,,"C:\Users\hafizna.fadhli\Downloads\36. DFR GANGGUAN UIT JBT\raw_data\UPT BOGOR\2023\2023-04-20 SUTT 150 kV BOGOR BARU - CIAWI 1,2\GI BOGOR BARU BAY CIAWI 1\DR\Thursday 20 April 2023 15.21.48.000.CFG"
99,UPT BOGOR,2023,"2023-04-20 SUTT 150 kV BOGOR BARU - CIAWI 1,2",GI BOGOR BARU BAY CIAWI 1,Thursday 20 April 2023 15.21.48.001.CFG,,PETIR (TRANSIEN),1.0,2,petir_decision_tree,"Classifier ML: probabilitas PETIR=100%  dur=80ms  fault_count=1  i0/i1=0.89  — gangguan transien, AR berhasil, tidak perlu crew lapangan.",BOGOR BARU,UNKNOWN,single_pole,A,79.9679183959961,1,13151.46875,0.8889414751794934,,0.6618280127114895,,,"C:\Users\hafizna.fadhli\Downloads\36. DFR GANGGUAN UIT JBT\raw_data\UPT BOGOR\2023\2023-04-20 SUTT 150 kV BOGOR BARU - CIAWI 1,2\GI BOGOR BARU BAY CIAWI 1\DR\Thursday 20 April 2023 15.21.48.001.CFG"
100,UPT BOGOR,2023,"2023-04-20 SUTT 150 kV BOGOR BARU - CIAWI 1,2",GI BOGOR BARU BAY CIAWI 2,Thursday 20 April 2023 15.26.33.000.CFG,,PETIR (TRANSIEN),1.0,2,petir_decision_tree,"Classifier ML: probabilitas PETIR=100%  dur=80ms  fault_count=1  i0/i1=0.91  — gangguan transien, AR berhasil, tidak perlu crew lapangan.",BOGOR BARU,Z1,unknown,,79.96797180175781,1,13690.1240234375,0.9101813562004404,,0.6676820498906271,,,"C:\Users\hafizna.fadhli\Downloads\36. DFR GANGGUAN UIT JBT\raw_data\UPT BOGOR\2023\2023-04-20 SUTT 150 kV BOGOR BARU - CIAWI 1,2\GI BOGOR BARU BAY CIAWI 2\DR\Thursday 20 April 2023 15.26.33.000.CFG"
101,UPT BOGOR,2023,"2023-04-20 SUTT 150 kV BOGOR BARU - CIAWI 1,2",GI CIAWI BAY BOGOR BARU 1,Thursday 20 April 2023 15.22.21.000.CFG,,PETIR (TRANSIEN),1.0,2,petir_decision_tree,"Classifier ML: probabilitas PETIR=100%  dur=113ms  fault_count=1  i0/i1=0.80  — gangguan transien, AR berhasil, tidak perlu crew lapangan.",AREVA,Z2,single_pole,A,113.28804779052734,1,10391.8984375,0.8020197746544067,,-0.00038482921799777483,,,"C:\Users\hafizna.fadhli\Downloads\36. DFR GANGGUAN UIT JBT\raw_data\UPT BOGOR\2023\2023-04-20 SUTT 150 kV BOGOR BARU - CIAWI 1,2\GI CIAWI BAY BOGOR BARU 1\DR\Thursday 20 April 2023 15.22.21.000.CFG"
111,UPT BOGOR,2025,02. FEBRUARI,20250202_GITET CIBINONG BAY DIAMETER 7A4 DAN 7AB4_PETIR,"250201,195332798,+7h0,GITET CIBINONG,SGLNG 1-IBT 1,Qualitrol LLC.cfg",PETIR,PETIR (TRANSIEN),1.0,2,petir_decision_tree,"Classifier ML: probabilitas PETIR=100%  dur=65ms  fault_count=1  i0/i1=1.00  — gangguan transien, AR berhasil, tidak perlu crew lapangan. | [CATATAN: Tipe proteksi tidak teridentifikasi dari sinyal digital — diklasifikasikan berdasarkan analisis gelombang arus/tegangan saja. Verifikasi manual diperlukan.]",GITET CIBINONG,UNKNOWN,unknown,,65.0,1,27103.32489013672,0.9963438499911937,,0.4694295026376817,,,"C:\Users\hafizna.fadhli\Downloads\36. DFR GANGGUAN UIT JBT\raw_data\UPT BOGOR\2025\02. FEBRUARI\20250202_GITET CIBINONG BAY DIAMETER 7A4 DAN 7AB4_PETIR\250201,195332798,+7h0,GITET CIBINONG,SGLNG 1-IBT 1,Qualitrol LLC.cfg"
113,UPT BOGOR,2025,02. FEBRUARI,20250225_GI CIBADAK BARU BAY PRATU#1_PETIR,GGN200225 OK.CFG,PETIR,PETIR (TRANSIEN),1.0,2,petir_decision_tree,"Classifier ML: probabilitas PETIR=100%  dur=127ms  fault_count=1  i0/i1=1.10  — gangguan transien, AR berhasil, tidak perlu crew lapangan.",GI CBDRU,Z1,three_pole,A+B+C,126.76811218261719,1,29667.4609375,1.09527324410539,,0.8744913120879679,,,C:\Users\hafizna.fadhli\Downloads\36. DFR GANGGUAN UIT JBT\raw_data\UPT BOGOR\2025\02. FEBRUARI\20250225_GI CIBADAK BARU BAY PRATU#1_PETIR\GGN200225 OK.CFG
114,UPT BOGOR,2025,02. FEBRUARI,20250225_GI CIBADAK BARU BAY PRATU#1_PETIR,Tuesday 25 February 2025 19.21.25.000.CFG,PETIR,GANGGUAN PERMANEN,0.9,1,explicit_failed_reclose,"reclose_successful=False - gangguan permanen, AR gagal. Penyebab spesifik belum dapat ditentukan dari rekaman ini. Kirim tim lapangan.",GI CBDRU,Z1,unknown,,80.0639419555664,1,22888.693359375,0.051459277552272434,False,0.25603720185050605,,,C:\Users\hafizna.fadhli\Downloads\36. DFR GANGGUAN UIT JBT\raw_data\UPT BOGOR\2025\02. FEBRUARI\20250225_GI CIBADAK BARU BAY PRATU#1_PETIR\Tuesday 25 February 2025 19.21.25.000.CFG
115,UPT BOGOR,2025,02. FEBRUARI,20250225_GIS PRATU BAY CIBADAK BARU#1_PETIR,250225.CFG,PETIR,NON-PETIR — PERLU INVESTIGASI,0.831,2,petir_decision_tree_non_petir,Classifier ML: bukan PETIR (prob non-PETIR=83%)  dur=33ms  fault_count=1  — penyebab spesifik belum dapat ditentukan (LAYANG/POHON/HEWAN/BENDA ASING butuh lebih banyak data latih).,AREVA,Z3+Z2,three_pole,A+B+C,33.36000442504883,1,2850.89990234375,0.029826671001112373,,0.05474998452532155,,,C:\Users\hafizna.fadhli\Downloads\36. DFR GANGGUAN UIT JBT\raw_data\UPT BOGOR\2025\02. FEBRUARI\20250225_GIS PRATU BAY CIBADAK BARU#1_PETIR\250225.CFG
116,UPT BOGOR,2025,03. MARET,DFR eksternal GIS PRATU BAY SEMEN JAWA#1 010325,"250301,093921971,+7h0,SEMEN JAWA,PRATU 1 - PRATU 2,Qualitrol LLC.cfg",,NON-PETIR — PERLU INVESTIGASI,0.907,2,petir_decision_tree_non_petir,Classifier ML: bukan PETIR (prob non-PETIR=91%)  dur=50ms  fault_count=2  — penyebab spesifik belum dapat ditentukan (LAYANG/POHON/HEWAN/BENDA ASING butuh lebih banyak data latih). | [CATATAN: Tipe proteksi tidak teridentifikasi dari sinyal digital — diklasifikasikan berdasarkan analisis gelombang arus/tegangan saja. Verifikasi manual diperlukan.],SEMEN JAWA,UNKNOWN,unknown,,50.0000114440918,2,6757.724285125732,1.2217317457315107,,0.4948128193633618,,,"C:\Users\hafizna.fadhli\Downloads\36. DFR GANGGUAN UIT JBT\raw_data\UPT BOGOR\2025\03. MARET\DFR eksternal GIS PRATU BAY SEMEN JAWA#1 010325\250301,093921971,+7h0,SEMEN JAWA,PRATU 1 - PRATU 2,Qualitrol LLC.cfg"
117,UPT BOGOR,2025,03. MARET,DFR eksternal GIS PRATU BAY SEMEN JAWA#1 010325,dfr external di pratu.cfg,,PETIR (TRANSIEN),1.0,2,petir_decision_tree,"Classifier ML: probabilitas PETIR=100%  dur=52ms  fault_count=2  i0/i1=0.80  — gangguan transien, AR berhasil, tidak perlu crew lapangan.",Pelabuhan Ratu,UNKNOWN,unknown,,51.666648864746094,2,8465.5146484375,0.8043845671658651,,0.3101015469324757,,,C:\Users\hafizna.fadhli\Downloads\36. DFR GANGGUAN UIT JBT\raw_data\UPT BOGOR\2025\03. MARET\DFR eksternal GIS PRATU BAY SEMEN JAWA#1 010325\dfr external di pratu.cfg
118,UPT BOGOR,2025,03. MARET,DFR ekternal GIS PRATU BAY BAYAH#1 090325,"250309,094024430,+7h0,GIS PELABUHAN RATU,BAYAH 1-2,Qualitrol LLC.cfg",,PETIR (TRANSIEN),1.0,2,petir_decision_tree,"Classifier ML: probabilitas PETIR=100%  dur=1ms  fault_count=1  i0/i1=2.40  — gangguan transien, AR berhasil, tidak perlu crew lapangan. | [CATATAN: Tipe proteksi tidak teridentifikasi dari sinyal digital — diklasifikasikan berdasarkan analisis gelombang arus/tegangan saja. Verifikasi manual diperlukan.]",GIS PELABUHAN RATU,UNKNOWN,unknown,B+C,0.7031261920928955,1,18.912675857543945,2.4049835762588128,,-12.227748838982318,,,"C:\Users\hafizna.fadhli\Downloads\36. DFR GANGGUAN UIT JBT\raw_data\UPT BOGOR\2025\03. MARET\DFR ekternal GIS PRATU BAY BAYAH#1 090325\250309,094024430,+7h0,GIS PELABUHAN RATU,BAYAH 1-2,Qualitrol LLC.cfg"
119,UPT BOGOR,2025,03. MARET,DFR ekternal GIS PRATU BAY BAYAH#2 090325,"250309,094024430,+7h0,GIS PELABUHAN RATU,BAYAH 1-2,Qualitrol LLC.cfg",,PETIR (TRANSIEN),1.0,2,petir_decision_tree,"Classifier ML: probabilitas PETIR=100%  dur=1ms  fault_count=1  i0/i1=2.40  — gangguan transien, AR berhasil, tidak perlu crew lapangan. | [CATATAN: Tipe proteksi tidak teridentifikasi dari sinyal digital — diklasifikasikan berdasarkan analisis gelombang arus/tegangan saja. Verifikasi manual diperlukan.]",GIS PELABUHAN RATU,UNKNOWN,unknown,B+C,0.7031261920928955,1,18.912675857543945,2.4049835762588128,,-12.227748838982318,,,"C:\Users\hafizna.fadhli\Downloads\36. DFR GANGGUAN UIT JBT\raw_data\UPT BOGOR\2025\03. MARET\DFR ekternal GIS PRATU BAY BAYAH#2 090325\250309,094024430,+7h0,GIS PELABUHAN RATU,BAYAH 1-2,Qualitrol LLC.cfg"
120,UPT BOGOR,2025,11. NOVEMBER,2025-11-30 PHT BOGOR BARU - SALAK BARU,"251130,084931930,+7h0,GI 150KV BOGOR BARU,CIBADAK BARU-SALAK BARU,Qualitrol LLC.cfg",,PETIR (TRANSIEN),1.0,2,petir_decision_tree,"Classifier ML: probabilitas PETIR=100%  dur=0ms  fault_count=2  i0/i1=1.06  — gangguan transien, AR berhasil, tidak perlu crew lapangan. | [CATATAN: Tipe proteksi tidak teridentifikasi dari sinyal digital — diklasifikasikan berdasarkan analisis gelombang arus/tegangan saja. Verifikasi manual diperlukan.]",GI 150KV BOGOR BARU,UNKNOWN,unknown,A+B,0.39061903953552246,2,13730.4677734375,1.0640091805859124,,0.38023475176940813,,,"C:\Users\hafizna.fadhli\Downloads\36. DFR GANGGUAN UIT JBT\raw_data\UPT BOGOR\2025\11. NOVEMBER\2025-11-30 PHT BOGOR BARU - SALAK BARU\251130,084931930,+7h0,GI 150KV BOGOR BARU,CIBADAK BARU-SALAK BARU,Qualitrol LLC.cfg"
121,UPT BOGOR,2025,11. NOVEMBER,2025-11-30 PHT BOGOR BARU - SALAK BARU,"251130,084933090,+7h0,GI 150KV BOGOR BARU,CIBADAK BARU-SALAK BARU,Qualitrol LLC.cfg",,NON-PETIR — PERLU INVESTIGASI,0.831,2,petir_decision_tree_non_petir,Classifier ML: bukan PETIR (prob non-PETIR=83%)  dur=7ms  fault_count=2  — penyebab spesifik belum dapat ditentukan (LAYANG/POHON/HEWAN/BENDA ASING butuh lebih banyak data latih). | [CATATAN: Tipe proteksi tidak teridentifikasi dari sinyal digital — diklasifikasikan berdasarkan analisis gelombang arus/tegangan saja. Verifikasi manual diperlukan.],GI 150KV BOGOR BARU,UNKNOWN,unknown,A,7.0703325271606445,2,1006.5160522460938,0.38415020080792606,,0.013667515359324934,,,"C:\Users\hafizna.fadhli\Downloads\36. DFR GANGGUAN UIT JBT\raw_data\UPT BOGOR\2025\11. NOVEMBER\2025-11-30 PHT BOGOR BARU - SALAK BARU\251130,084933090,+7h0,GI 150KV BOGOR BARU,CIBADAK BARU-SALAK BARU,Qualitrol LLC.cfg"
123,UPT BOGOR,2025,12. DESEMBER,2025-12-01 PHT CIBINONG - CILEGON,"251201,152203948,+7h0,GITET CIBINONG,CILEGON BARU,Qualitrol LLC.cfg",,PETIR (TRANSIEN),1.0,2,petir_decision_tree,"Classifier ML: probabilitas PETIR=100%  dur=104ms  fault_count=1  i0/i1=1.10  — gangguan transien, AR berhasil, tidak perlu crew lapangan. | [CATATAN: Tipe proteksi tidak teridentifikasi dari sinyal digital — diklasifikasikan berdasarkan analisis gelombang arus/tegangan saja. Verifikasi manual diperlukan.]",GITET CIBINONG,UNKNOWN,unknown,,103.74999237060547,1,12806.037109375,1.1031449852409807,,0.32250813420013197,,,"C:\Users\hafizna.fadhli\Downloads\36. DFR GANGGUAN UIT JBT\raw_data\UPT BOGOR\2025\12. DESEMBER\2025-12-01 PHT CIBINONG - CILEGON\251201,152203948,+7h0,GITET CIBINONG,CILEGON BARU,Qualitrol LLC.cfg"
124,UPT BOGOR,2025,12. DESEMBER,2025-12-01 PHT CIBINONG - CILEGON,Monday 01 December 2025 13.27.51.001.CFG,,PETIR (TRANSIEN),1.0,2,petir_decision_tree,"Classifier ML: probabilitas PETIR=100%  dur=100ms  fault_count=1  i0/i1=1.05  — gangguan transien, AR berhasil, tidak perlu crew lapangan.",CIBINONG,Z1,single_pole,C,100.468994140625,1,20499.564453125,1.0516609598314361,True,0.29269580011091645,,,C:\Users\hafizna.fadhli\Downloads\36. DFR GANGGUAN UIT JBT\raw_data\UPT BOGOR\2025\12. DESEMBER\2025-12-01 PHT CIBINONG - CILEGON\DFR INTERNAL\LPA BAY CILEGON\Monday 01 December 2025 13.27.51.001.CFG
126,UPT CIREBON,2022,01. JANUARI,05 FINAL TRIP SUTT 150 KV JTRBG - HRGLS (24 JANUARI 2022),ZQ1.cfg,,PETIR (TRANSIEN),1.0,2,petir_decision_tree,"Classifier ML: probabilitas PETIR=100%  dur=7ms  fault_count=2  i0/i1=0.96  — gangguan transien, AR berhasil, tidak perlu crew lapangan. | [CATATAN: Tipe proteksi tidak teridentifikasi dari sinyal digital — diklasifikasikan berdasarkan analisis gelombang arus/tegangan saja. Verifikasi manual diperlukan.]",GI 150KV  HAURGEULIS,UNKNOWN,unknown,B,6.979167461395264,2,595.2402954101562,0.9606713515767658,,0.016055617837029086,,,C:\Users\hafizna.fadhli\Downloads\36. DFR GANGGUAN UIT JBT\raw_data\UPT CIREBON\2022\01. JANUARI\05 FINAL TRIP SUTT 150 KV JTRBG - HRGLS (24 JANUARI 2022)\DFR GI HRGLS\ZQ1.cfg
129,UPT CIREBON,2022,01. JANUARI,05 FINAL TRIP SUTT 150 KV JTRBG - HRGLS (24 JANUARI 2022),Monday 24 January 2022 16.42.39.000.CFG,,PETIR (TRANSIEN),1.0,2,petir_decision_tree,"Classifier ML: probabilitas PETIR=100%  dur=101ms  fault_count=2  i0/i1=0.70  — gangguan transien, AR berhasil, tidak perlu crew lapangan.",GI JATIBARANG,UNKNOWN,single_pole,B,100.91899871826172,2,5572.35888671875,0.6950654260398591,,0.007798920463044888,,,C:\Users\hafizna.fadhli\Downloads\36. DFR GANGGUAN UIT JBT\raw_data\UPT CIREBON\2022\01. JANUARI\05 FINAL TRIP SUTT 150 KV JTRBG - HRGLS (24 JANUARI 2022)\JTBRG\Monday 24 January 2022 16.42.39.000.CFG
131,UPT CIREBON,2022,01. JANUARI,05 FINAL TRIP SUTT 150 KV JTRBG - HRGLS (24 JANUARI 2022),Monday 24 January 2022 16.43.09.000.CFG,,PETIR (TRANSIEN),1.0,2,petir_decision_tree,"Classifier ML: probabilitas PETIR=100%  dur=100ms  fault_count=1  i0/i1=0.79  — gangguan transien, AR berhasil, tidak perlu crew lapangan.",GI JATIBARANG,UNKNOWN,three_pole,A+B+C,100.1199951171875,1,5413.27490234375,0.7864962430184309,,0.002646511424122523,,,C:\Users\hafizna.fadhli\Downloads\36. DFR GANGGUAN UIT JBT\raw_data\UPT CIREBON\2022\01. JANUARI\05 FINAL TRIP SUTT 150 KV JTRBG - HRGLS (24 JANUARI 2022)\JTBRG\Monday 24 January 2022 16.43.09.000.CFG
132,UPT CIREBON,2022,02. FEBRUARI,01. RECLOSE SUTT 70 KV BANJAR - PANGANDARAN #2 (03 FEBRUARI 2022),Banjar 2 GI Pangandaran.cfg,,PETIR (TRANSIEN),1.0,2,petir_decision_tree,"Classifier ML: probabilitas PETIR=100%  dur=80ms  fault_count=2  i0/i1=0.58  — gangguan transien, AR berhasil, tidak perlu crew lapangan. | [CATATAN: Tipe proteksi tidak teridentifikasi dari sinyal digital — diklasifikasikan berdasarkan analisis gelombang arus/tegangan saja. Verifikasi manual diperlukan.]",GI PDRAN,UNKNOWN,single_pole,C,80.41666412353516,2,1041.497802734375,0.5844889173747004,,0.006644106819525841,,,C:\Users\hafizna.fadhli\Downloads\36. DFR GANGGUAN UIT JBT\raw_data\UPT CIREBON\2022\02. FEBRUARI\01. RECLOSE SUTT 70 KV BANJAR - PANGANDARAN #2 (03 FEBRUARI 2022)\DFR Eksternal\Banjar 2 GI Pangandaran.cfg
133,UPT CIREBON,2022,02. FEBRUARI,01. RECLOSE SUTT 70 KV BANJAR - PANGANDARAN #2 (03 FEBRUARI 2022),Bay Pangandaran GI Banjar.cfg,,PETIR (TRANSIEN),1.0,2,petir_decision_tree,"Classifier ML: probabilitas PETIR=100%  dur=0ms  fault_count=2  i0/i1=0.14  — gangguan transien, AR berhasil, tidak perlu crew lapangan. | [CATATAN: Tipe proteksi tidak teridentifikasi dari sinyal digital — diklasifikasikan berdasarkan analisis gelombang arus/tegangan saja. Verifikasi manual diperlukan.]",GI 70KV BANJAR,UNKNOWN,unknown,A+B+C,0.3906264901161194,2,83.97161865234375,0.13878722488935638,,0.8475906689863355,,,C:\Users\hafizna.fadhli\Downloads\36. DFR GANGGUAN UIT JBT\raw_data\UPT CIREBON\2022\02. FEBRUARI\01. RECLOSE SUTT 70 KV BANJAR - PANGANDARAN #2 (03 FEBRUARI 2022)\DFR Eksternal\Bay Pangandaran GI Banjar.cfg
135,UPT CIREBON,2022,02. FEBRUARI,05. RECLOSE SUTT 70 KV PARAKAN-SUMEDANG#1 (21 FEB 2022),20220221_160835_401_r187_20220221T171726_PRKAN_SMDG1_Distanc.cfg,,PETIR (TRANSIEN),1.0,2,petir_decision_tree,"Classifier ML: probabilitas PETIR=100%  dur=80ms  fault_count=1  i0/i1=1.07  — gangguan transien, AR berhasil, tidak perlu crew lapangan.",SUMEDANG-1,Z1,single_pole,B,80.0638198852539,1,611.878662109375,1.0683146153866216,,0.8669518297266717,,,C:\Users\hafizna.fadhli\Downloads\36. DFR GANGGUAN UIT JBT\raw_data\UPT CIREBON\2022\02. FEBRUARI\05. RECLOSE SUTT 70 KV PARAKAN-SUMEDANG#1 (21 FEB 2022)\REKAMAN GANGGUAN\20220221_160835_401_r187_20220221T171726_PRKAN_SMDG1_Distanc.cfg
136,UPT CIREBON,2022,02. FEBRUARI,06. RECLOSE SUTT 150 KV CEP-BREBES #2 (21 FEBRUARI 2022),Monday 21 February 2022 16.55.05.000.CFG,,PETIR (TRANSIEN),1.0,2,petir_decision_tree,"Classifier ML: probabilitas PETIR=100%  dur=80ms  fault_count=2  i0/i1=0.86  — gangguan transien, AR berhasil, tidak perlu crew lapangan.",GI PLTU CIREBON,Z1,single_pole,C,79.96797180175781,2,13768.2998046875,0.8639721965602645,True,0.281524976008492,,,C:\Users\hafizna.fadhli\Downloads\36. DFR GANGGUAN UIT JBT\raw_data\UPT CIREBON\2022\02. FEBRUARI\06. RECLOSE SUTT 150 KV CEP-BREBES #2 (21 FEBRUARI 2022)\Brebes 2 21-02-2022\Monday 21 February 2022 16.55.05.000.CFG
139,UPT CIREBON,2022,03. MARET,01. RECLOSE & TRIP SUTT 70 KV ARJAWINANGUN-KADIPATEN #1-2  (05 MARET 2022),20220305_152156_733_r173_20220305T155321_ARJWN_KDPTN1_Distan.cfg,,PETIR (TRANSIEN),1.0,2,petir_decision_tree,"Classifier ML: probabilitas PETIR=100%  dur=80ms  fault_count=3  i0/i1=0.94  — gangguan transien, AR berhasil, tidak perlu crew lapangan.",KADIPATEN-1,Z1,single_pole,C,79.96797180175781,3,2260.774169921875,0.9436713996629393,True,0.8974006301181605,,,C:\Users\hafizna.fadhli\Downloads\36. DFR GANGGUAN UIT JBT\raw_data\UPT CIREBON\2022\03. MARET\01. RECLOSE & TRIP SUTT 70 KV ARJAWINANGUN-KADIPATEN #1-2  (05 MARET 2022)\20220305_152156_733_r173_20220305T155321_ARJWN_KDPTN1_Distan.cfg
140,UPT CIREBON,2022,03. MARET,01. RECLOSE & TRIP SUTT 70 KV ARJAWINANGUN-KADIPATEN #1-2  (05 MARET 2022),20220305_155154_231_r001_20220305T155559_KDPTN_AWN1_Distance.cfg,,PETIR (TRANSIEN),1.0,2,petir_decision_tree,"Classifier ML: probabilitas PETIR=100%  dur=491ms  fault_count=2  i0/i1=1.01  — gangguan transien, AR berhasil, tidak perlu crew lapangan.",GI KADIPATEN,Z3,unknown,C,490.6368408203125,2,1090.6080322265625,1.008990035392058,True,0.24418709972178848,,,C:\Users\hafizna.fadhli\Downloads\36. DFR GANGGUAN UIT JBT\raw_data\UPT CIREBON\2022\03. MARET\01. RECLOSE & TRIP SUTT 70 KV ARJAWINANGUN-KADIPATEN #1-2  (05 MARET 2022)\20220305_155154_231_r001_20220305T155559_KDPTN_AWN1_Distance.cfg
141,UPT CIREBON,2022,03. MARET,04. RECLOSE SUTT 70 KV PARAKAN-KADIPATEN #1,20220311_143631_662_r116_20220311T143512_PRKAN_KDPTN1_Distan.cfg,,PETIR (TRANSIEN),1.0,2,petir_decision_tree,"Classifier ML: probabilitas PETIR=100%  dur=80ms  fault_count=1  i0/i1=1.00  — gangguan transien, AR berhasil, tidak perlu crew lapangan.",GI PARAKAN,Z3+Z2,single_pole,A,80.06405639648438,1,1302.4866943359375,1.0047347511157605,,-0.0005750330815203301,,,C:\Users\hafizna.fadhli\Downloads\36. DFR GANGGUAN UIT JBT\raw_data\UPT CIREBON\2022\03. MARET\04. RECLOSE SUTT 70 KV PARAKAN-KADIPATEN #1\20220311_143631_662_r116_20220311T143512_PRKAN_KDPTN1_Distan.cfg
142,UPT CIREBON,2022,03. MARET,05. RECLOSE SUTT 70 KV TASIKMALAYA-MALANGBONG #1-2,Malangbong 1.CFG,,PETIR (TRANSIEN),1.0,2,petir_decision_tree,"Classifier ML: probabilitas PETIR=100%  dur=80ms  fault_count=1  i0/i1=0.91  — gangguan transien, AR berhasil, tidak perlu crew lapangan.",MLBNG 1,Z1,single_pole,C,80.06399536132812,1,6215.4072265625,0.9071669788903118,,0.7373385566141133,,,C:\Users\hafizna.fadhli\Downloads\36. DFR GANGGUAN UIT JBT\raw_data\UPT CIREBON\2022\03. MARET\05. RECLOSE SUTT 70 KV TASIKMALAYA-MALANGBONG #1-2\DFR Internal Bay Malangbong 1 dan 2\Malangbong 1.CFG
143,UPT CIREBON,2022,03. MARET,05. RECLOSE SUTT 70 KV TASIKMALAYA-MALANGBONG #1-2,Malangbong 2.CFG,,PETIR (TRANSIEN),1.0,2,petir_decision_tree,"Classifier ML: probabilitas PETIR=100%  dur=80ms  fault_count=1  i0/i1=0.00  — gangguan transien, AR berhasil, tidak perlu crew lapangan.",MLBNG 1,Z1,three_pole,A+B+C,79.96797180175781,1,5037.27978515625,0.0019317284966468148,,0.41279466680425075,,,C:\Users\hafizna.fadhli\Downloads\36. DFR GANGGUAN UIT JBT\raw_data\UPT CIREBON\2022\03. MARET\05. RECLOSE SUTT 70 KV TASIKMALAYA-MALANGBONG #1-2\DFR Internal Bay Malangbong 1 dan 2\Malangbong 2.CFG
144,UPT CIREBON,2022,03. MARET,05. RECLOSE SUTT 70 KV TASIKMALAYA-MALANGBONG #1-2,Tasikmalaya 1.CFG,,PETIR (TRANSIEN),1.0,2,petir_decision_tree,"Classifier ML: probabilitas PETIR=100%  dur=163ms  fault_count=3  i0/i1=0.69  — gangguan transien, AR berhasil, tidak perlu crew lapangan.",TSMYA 1,Z1,single_pole,C,163.46400451660156,3,1874.0670166015625,0.6862485028183335,True,0.7584097438924148,,,C:\Users\hafizna.fadhli\Downloads\36. DFR GANGGUAN UIT JBT\raw_data\UPT CIREBON\2022\03. MARET\05. RECLOSE SUTT 70 KV TASIKMALAYA-MALANGBONG #1-2\DFR Internal Bay Tasikmalaya 1 dan 2\Tasikmalaya 1.CFG
145,UPT CIREBON,2022,03. MARET,05. RECLOSE SUTT 70 KV TASIKMALAYA-MALANGBONG #1-2,Tasikmalaya 2.CFG,,PETIR (TRANSIEN),1.0,2,petir_decision_tree,"Classifier ML: probabilitas PETIR=100%  dur=101ms  fault_count=1  i0/i1=0.49  — gangguan transien, AR berhasil, tidak perlu crew lapangan.",TASIK 2,UNKNOWN,single_pole,B,100.81301879882812,1,951.1179809570312,0.48934034353231415,,0.2899870396729554,,,C:\Users\hafizna.fadhli\Downloads\36. DFR GANGGUAN UIT JBT\raw_data\UPT CIREBON\2022\03. MARET\05. RECLOSE SUTT 70 KV TASIKMALAYA-MALANGBONG #1-2\DFR Internal Bay Tasikmalaya 1 dan 2\Tasikmalaya 2.CFG
146,UPT CIREBON,2022,04. APRIL,01. RECLOSE SUMADRA-PAMEUNGPEUK #2 (01-04-2022),Friday 01 April 2022 20.00.37.000.CFG,,PETIR (TRANSIEN),1.0,2,petir_decision_tree,"Classifier ML: probabilitas PETIR=100%  dur=87ms  fault_count=3  i0/i1=1.10  — gangguan transien, AR berhasil, tidak perlu crew lapangan.",SMDRA 2,Z1,single_pole,A,86.63201141357422,3,676.6900024414062,1.1007223777368809,True,0.17258683887694928,,,C:\Users\hafizna.fadhli\Downloads\36. DFR GANGGUAN UIT JBT\raw_data\UPT CIREBON\2022\04. APRIL\01. RECLOSE SUMADRA-PAMEUNGPEUK #2 (01-04-2022)\GI PMPEK BAY SMDRA 2\Friday 01 April 2022 20.00.37.000.CFG
147,UPT CIREBON,2022,04. APRIL,01. RECLOSE SUMADRA-PAMEUNGPEUK #2 (01-04-2022),Friday 01 April 2022 19.57.06.000.CFG,,PETIR (TRANSIEN),1.0,2,petir_decision_tree,"Classifier ML: probabilitas PETIR=100%  dur=80ms  fault_count=2  i0/i1=0.92  — gangguan transien, AR berhasil, tidak perlu crew lapangan.",PMPEUK 2,Z3+Z2,single_pole,A,79.96797180175781,2,1305.0450439453125,0.9154148641178608,True,0.0061834952963428745,,,C:\Users\hafizna.fadhli\Downloads\36. DFR GANGGUAN UIT JBT\raw_data\UPT CIREBON\2022\04. APRIL\01. RECLOSE SUMADRA-PAMEUNGPEUK #2 (01-04-2022)\GI SUMADRA BAY PMPEK 2\Friday 01 April 2022 19.57.06.000.CFG
148,UPT CIREBON,2022,04. APRIL,05. FINAL TRIP SUTT 70 KV KADIPATEN - ARJAWINANGUN #2 (09-04-2022),20220409_133818_526_r143_20220409T150906_ID1007820724_MANUAL.cfg,,GANGGUAN PERMANEN,0.9,1,explicit_failed_reclose,"reclose_successful=False - gangguan permanen, AR gagal. Penyebab spesifik belum dapat ditentukan dari rekaman ini. Kirim tim lapangan.",KADIPATEN-2,Z1,single_pole,C,3170.398193359375,3,1400.5528564453125,0.8993661747392439,False,0.5203143666867979,,,C:\Users\hafizna.fadhli\Downloads\36. DFR GANGGUAN UIT JBT\raw_data\UPT CIREBON\2022\04. APRIL\05. FINAL TRIP SUTT 70 KV KADIPATEN - ARJAWINANGUN #2 (09-04-2022)\20220409_133818_526_r143_20220409T150906_ID1007820724_MANUAL.cfg
149,UPT CIREBON,2022,04. APRIL,05. FINAL TRIP SUTT 70 KV KADIPATEN - ARJAWINANGUN #2 (09-04-2022),20220409_143934_989_r183_20220409T143932_KDPTN_AWN2_Distance.cfg,,PETIR (TRANSIEN),1.0,2,petir_decision_tree,"Classifier ML: probabilitas PETIR=100%  dur=80ms  fault_count=2  i0/i1=1.41  — gangguan transien, AR berhasil, tidak perlu crew lapangan.",GI KADIPATEN,Z1,three_pole,A+B+C,79.96821594238281,2,407.73492431640625,1.414886727824114,,0.822204030894781,,,C:\Users\hafizna.fadhli\Downloads\36. DFR GANGGUAN UIT JBT\raw_data\UPT CIREBON\2022\04. APRIL\05. FINAL TRIP SUTT 70 KV KADIPATEN - ARJAWINANGUN #2 (09-04-2022)\20220409_143934_989_r183_20220409T143932_KDPTN_AWN2_Distance.cfg
150,UPT CIREBON,2023,01. JANUARI,01. RECLOSE SUTET 500KV MDRCN-PMLG 1 (8 JAN 2023),Sunday 08 January 2023 16.19.43.000.CFG,,PETIR (TRANSIEN),1.0,2,petir_decision_tree,"Classifier ML: probabilitas PETIR=100%  dur=101ms  fault_count=1  i0/i1=1.03  — gangguan transien, AR berhasil, tidak perlu crew lapangan.",GITET MDCAN,Z1+Z3+Z2,unknown,,101.1099853515625,1,13169.2158203125,1.029311520326049,,0.31799078297603317,,,C:\Users\hafizna.fadhli\Downloads\36. DFR GANGGUAN UIT JBT\raw_data\UPT CIREBON\2023\01. JANUARI\01. RECLOSE SUTET 500KV MDRCN-PMLG 1 (8 JAN 2023)\REKAMAN DFR\MAIN A\Sunday 08 January 2023 16.19.43.000.CFG
151,UPT CIREBON,2023,01. JANUARI,02. RECLOSE KAMOJANG - CIKASUNGKA (9 JAN 2023),Monday 09 January 2023 15.46.55.000.CFG,,PETIR (TRANSIEN),1.0,2,petir_decision_tree,"Classifier ML: probabilitas PETIR=100%  dur=80ms  fault_count=1  i0/i1=0.70  — gangguan transien, AR berhasil, tidak perlu crew lapangan.",CKSKA 1,Z3+Z2,single_pole,A,80.06399536132812,1,13127.400390625,0.6964717451753463,,0.13213150171654325,,,C:\Users\hafizna.fadhli\Downloads\36. DFR GANGGUAN UIT JBT\raw_data\UPT CIREBON\2023\01. JANUARI\02. RECLOSE KAMOJANG - CIKASUNGKA (9 JAN 2023)\Monday 09 January 2023 15.46.55.000.CFG
152,UPT CIREBON,2023,01. JANUARI,03. TRIP SUTT 70 KV SUNYARAGI - KNGAN (16 JAN 2023),20230116_183726_607_r074.cfg,,PETIR (TRANSIEN),1.0,2,petir_decision_tree,"Classifier ML: probabilitas PETIR=100%  dur=99ms  fault_count=1  i0/i1=0.35  — gangguan transien, AR berhasil, tidak perlu crew lapangan.",GI SUNYARAGI,UNKNOWN,three_pole,A+B+C,99.19393157958984,1,1067.2928466796875,0.3457657449679805,,0.055174185644612586,,,C:\Users\hafizna.fadhli\Downloads\36. DFR GANGGUAN UIT JBT\raw_data\UPT CIREBON\2023\01. JANUARI\03. TRIP SUTT 70 KV SUNYARAGI - KNGAN (16 JAN 2023)\Kuningan-2\20230116_183726_607_r074.cfg
153,UPT CIREBON,2023,01. JANUARI,04. RECLOSE SUTET 500 KV MDRCN-CEP 2 (17 JAN 2023),7_171202343323407_FRA00007.CFG,,PETIR (TRANSIEN),1.0,2,petir_decision_tree,"Classifier ML: probabilitas PETIR=100%  dur=1001ms  fault_count=1  i0/i1=0.82  — gangguan transien, AR berhasil, tidak perlu crew lapangan.",GI_Mandirancan,UNKNOWN,single_pole,A,1001.0000610351562,1,28154.447265625,0.816924950384273,,0.885282539826379,,,C:\Users\hafizna.fadhli\Downloads\36. DFR GANGGUAN UIT JBT\raw_data\UPT CIREBON\2023\01. JANUARI\04. RECLOSE SUTET 500 KV MDRCN-CEP 2 (17 JAN 2023)\DFR INTERNAL GITET MDRCN\MAIN 1\7_171202343323407_FRA00007.CFG
156,UPT CIREBON,2023,01. JANUARI,06. RECLOSE CEP-BREBES 1 (20 JAN 2023),"230120,094830458,+7h0,GI 150KV BREBES,CEP 1-2,Qualitrol LLC.cfg",,NON-PETIR — PERLU INVESTIGASI,1.0,2,petir_decision_tree_non_petir,Classifier ML: bukan PETIR (prob non-PETIR=100%)  dur=79ms  fault_count=1  — penyebab spesifik belum dapat ditentukan (LAYANG/POHON/HEWAN/BENDA ASING butuh lebih banyak data latih).,GI 150KV BREBES,UNKNOWN,unknown,,78.515625,1,2829.71630859375,2.1551785591707278,,0.5190749906312114,,,"C:\Users\hafizna.fadhli\Downloads\36. DFR GANGGUAN UIT JBT\raw_data\UPT CIREBON\2023\01. JANUARI\06. RECLOSE CEP-BREBES 1 (20 JAN 2023)\GI BREBES\230120,094830458,+7h0,GI 150KV BREBES,CEP 1-2,Qualitrol LLC.cfg"
157,UPT CIREBON,2023,01. JANUARI,08. RECLOSE PRKAN-KDPTN 1 (23 JAN 2023),Monday 23 January 2023 16.04.56.000.CFG,,PETIR (TRANSIEN),1.0,2,petir_decision_tree,"Classifier ML: probabilitas PETIR=100%  dur=80ms  fault_count=2  i0/i1=0.90  — gangguan transien, AR berhasil, tidak perlu crew lapangan.",BAY KADIPATEN-1,Z3+Z2,three_pole,A+B+C,79.87189483642578,2,983.27197265625,0.8986032747063559,True,0.04372388396390817,,,C:\Users\hafizna.fadhli\Downloads\36. DFR GANGGUAN UIT JBT\raw_data\UPT CIREBON\2023\01. JANUARI\08. RECLOSE PRKAN-KDPTN 1 (23 JAN 2023)\GI PRKN\P442_KDPTN_1_230123\Monday 23 January 2023 16.04.56.000.CFG
158,UPT CIREBON,2023,01. JANUARI,09. RECLOSE CEP-BREBES 2 (24 JAN 2023),Friday 20 January 2023 16.48.30.000 (1).CFG,,PETIR (TRANSIEN),1.0,2,petir_decision_tree,"Classifier ML: probabilitas PETIR=100%  dur=80ms  fault_count=2  i0/i1=0.83  — gangguan transien, AR berhasil, tidak perlu crew lapangan.",GI PLTU CIREBON,Z1,single_pole,A,79.96797180175781,2,16530.80078125,0.830705200147818,True,0.35022604655615097,,,C:\Users\hafizna.fadhli\Downloads\36. DFR GANGGUAN UIT JBT\raw_data\UPT CIREBON\2023\01. JANUARI\09. RECLOSE CEP-BREBES 2 (24 JAN 2023)\GI CEP\Friday 20 January 2023 16.48.30.000 (1).CFG
159,UPT CIREBON,2023,01. JANUARI,09. RECLOSE CEP-BREBES 2 (24 JAN 2023),Friday 20 January 2023 16.48.30.000.CFG,,PETIR (TRANSIEN),1.0,2,petir_decision_tree,"Classifier ML: probabilitas PETIR=100%  dur=80ms  fault_count=2  i0/i1=0.83  — gangguan transien, AR berhasil, tidak perlu crew lapangan.",GI PLTU CIREBON,Z1,single_pole,A,79.96797180175781,2,16530.80078125,0.830705200147818,True,0.35022604655615097,,,C:\Users\hafizna.fadhli\Downloads\36. DFR GANGGUAN UIT JBT\raw_data\UPT CIREBON\2023\01. JANUARI\09. RECLOSE CEP-BREBES 2 (24 JAN 2023)\GI CEP\Friday 20 January 2023 16.48.30.000.CFG
160,UPT CIREBON,2023,01. JANUARI,22012023 KSBRU1 GI PLTU INDRAMAYU,Sunday 22 January 2023 16.59.06.000.CFG,,PETIR (TRANSIEN),1.0,2,petir_decision_tree,"Classifier ML: probabilitas PETIR=100%  dur=100ms  fault_count=1  i0/i1=1.11  — gangguan transien, AR berhasil, tidak perlu crew lapangan.",IDBRU5,Z1,unknown,,100.07202911376953,1,14021.603515625,1.1079367543003114,,0.4519042454132231,,,C:\Users\hafizna.fadhli\Downloads\36. DFR GANGGUAN UIT JBT\raw_data\UPT CIREBON\2023\01. JANUARI\22012023 KSBRU1 GI PLTU INDRAMAYU\DFR DISTANCE MICOM\Sunday 22 January 2023 16.59.06.000.CFG
161,UPT CIREBON,2023,01. JANUARI,22012023 KSBRU1 GI PLTU INDRAMAYU,ZQ22.cfg,,PETIR (TRANSIEN),1.0,2,petir_decision_tree,"Classifier ML: probabilitas PETIR=100%  dur=10ms  fault_count=2  i0/i1=1.11  — gangguan transien, AR berhasil, tidak perlu crew lapangan. | [CATATAN: Tipe proteksi tidak teridentifikasi dari sinyal digital — diklasifikasikan berdasarkan analisis gelombang arus/tegangan saja. Verifikasi manual diperlukan.]",PLTU 150 KV INDRAMAYU,UNKNOWN,unknown,A,10.208338737487793,2,13783.9208984375,1.106886806815028,,0.41764085368401366,,,C:\Users\hafizna.fadhli\Downloads\36. DFR GANGGUAN UIT JBT\raw_data\UPT CIREBON\2023\01. JANUARI\22012023 KSBRU1 GI PLTU INDRAMAYU\DFR EKSTERNAL\ZQ22.cfg
162,UPT CIREBON,2023,02. FEBRUARI,1. RECLOSE SUTT 70 KV BANJAR - PANGANDARAN #2 (17-02-2023),Rek 1 DFR Banjar.cfg,,NON-PETIR — PERLU INVESTIGASI,0.831,2,petir_decision_tree_non_petir,Classifier ML: bukan PETIR (prob non-PETIR=83%)  dur=2ms  fault_count=2  — penyebab spesifik belum dapat ditentukan (LAYANG/POHON/HEWAN/BENDA ASING butuh lebih banyak data latih). | [CATATAN: Tipe proteksi tidak teridentifikasi dari sinyal digital — diklasifikasikan berdasarkan analisis gelombang arus/tegangan saja. Verifikasi manual diperlukan.],GI 70KV BANJAR,UNKNOWN,unknown,C,1.9921809434890747,2,345.16793489456177,0.2598926070387001,,0.7533035471621659,,,C:\Users\hafizna.fadhli\Downloads\36. DFR GANGGUAN UIT JBT\raw_data\UPT CIREBON\2023\02. FEBRUARI\1. RECLOSE SUTT 70 KV BANJAR - PANGANDARAN #2 (17-02-2023)\DFR Eksternal GI Banjar\Rek 1 DFR Banjar.cfg
163,UPT CIREBON,2023,02. FEBRUARI,1. RECLOSE SUTT 70 KV BANJAR - PANGANDARAN #2 (17-02-2023),Rek 2 DFR Banjar.cfg,,NON-PETIR — PERLU INVESTIGASI,0.831,2,petir_decision_tree_non_petir,Classifier ML: bukan PETIR (prob non-PETIR=83%)  dur=0ms  fault_count=2  — penyebab spesifik belum dapat ditentukan (LAYANG/POHON/HEWAN/BENDA ASING butuh lebih banyak data latih). | [CATATAN: Tipe proteksi tidak teridentifikasi dari sinyal digital — diklasifikasikan berdasarkan analisis gelombang arus/tegangan saja. Verifikasi manual diperlukan.],GI 70KV BANJAR,UNKNOWN,unknown,A+B+C,0.4687458276748657,2,393.67156982421875,0.21757419369633554,,0.000955769638358488,,,C:\Users\hafizna.fadhli\Downloads\36. DFR GANGGUAN UIT JBT\raw_data\UPT CIREBON\2023\02. FEBRUARI\1. RECLOSE SUTT 70 KV BANJAR - PANGANDARAN #2 (17-02-2023)\DFR Eksternal GI Banjar\Rek 2 DFR Banjar.cfg
164,UPT CIREBON,2023,02. FEBRUARI,1. RECLOSE SUTT 70 KV BANJAR - PANGANDARAN #2 (17-02-2023),Rek 3 DFR Banjar.cfg,,NON-PETIR — PERLU INVESTIGASI,0.831,2,petir_decision_tree_non_petir,Classifier ML: bukan PETIR (prob non-PETIR=83%)  dur=3ms  fault_count=2  — penyebab spesifik belum dapat ditentukan (LAYANG/POHON/HEWAN/BENDA ASING butuh lebih banyak data latih). | [CATATAN: Tipe proteksi tidak teridentifikasi dari sinyal digital — diklasifikasikan berdasarkan analisis gelombang arus/tegangan saja. Verifikasi manual diperlukan.],GI 70KV BANJAR,UNKNOWN,unknown,C,3.476567506790161,2,334.42068099975586,0.255262188324541,,0.7426486402238788,,,C:\Users\hafizna.fadhli\Downloads\36. DFR GANGGUAN UIT JBT\raw_data\UPT CIREBON\2023\02. FEBRUARI\1. RECLOSE SUTT 70 KV BANJAR - PANGANDARAN #2 (17-02-2023)\DFR Eksternal GI Banjar\Rek 3 DFR Banjar.cfg
169,UPT CIREBON,2023,02. FEBRUARI,"3. RECLOSE SRAGI-ARJWN 1,2 (27 FEB 2023)",Monday 27 February 2023 14.34.08.000.CFG,,PETIR (TRANSIEN),1.0,2,petir_decision_tree,"Classifier ML: probabilitas PETIR=100%  dur=67ms  fault_count=2  i0/i1=0.01  — gangguan transien, AR berhasil, tidak perlu crew lapangan. | [CATATAN: Tipe proteksi tidak teridentifikasi dari sinyal digital — diklasifikasikan berdasarkan analisis gelombang arus/tegangan saja. Verifikasi manual diperlukan.]",SUNYARAGI-1,UNKNOWN,unknown,B+C,67.11506652832031,2,3745.949951171875,0.007277990877232421,,0.5583083228842118,,,"C:\Users\hafizna.fadhli\Downloads\36. DFR GANGGUAN UIT JBT\raw_data\UPT CIREBON\2023\02. FEBRUARI\3. RECLOSE SRAGI-ARJWN 1,2 (27 FEB 2023)\GI ARJWN\PHT 1\Monday 27 February 2023 14.34.08.000.CFG"
172,UPT CIREBON,2023,03. MARET,02. DMYU_DLTMS#1 (25 MAR 2023),"230325,081839806,+7h0,GITET 500KV INDRAMAYU,DELTAMAS 1-2,Qualitrol LLC.cfg",,PETIR (TRANSIEN),1.0,2,petir_decision_tree,"Classifier ML: probabilitas PETIR=100%  dur=148ms  fault_count=1  i0/i1=0.76  — gangguan transien, AR berhasil, tidak perlu crew lapangan. | [CATATAN: Tipe proteksi tidak teridentifikasi dari sinyal digital — diklasifikasikan berdasarkan analisis gelombang arus/tegangan saja. Verifikasi manual diperlukan.]",GITET 500KV INDRAMAYU,UNKNOWN,unknown,,148.0078125,1,6857.356548309326,0.7590327203694637,,0.6148120588324238,,,"C:\Users\hafizna.fadhli\Downloads\36. DFR GANGGUAN UIT JBT\raw_data\UPT CIREBON\2023\03. MARET\02. DMYU_DLTMS#1 (25 MAR 2023)\DFR Eksternal\230325,081839806,+7h0,GITET 500KV INDRAMAYU,DELTAMAS 1-2,Qualitrol LLC.cfg"
173,UPT CIREBON,2023,03. MARET,02. DMYU_DLTMS#1 (25 MAR 2023),"230325,081840850,+7h0,GITET 500KV INDRAMAYU,DELTAMAS 1-2,Qualitrol LLC.cfg",,NON-PETIR — PERLU INVESTIGASI,0.831,2,petir_decision_tree_non_petir,Classifier ML: bukan PETIR (prob non-PETIR=83%)  dur=6ms  fault_count=2  — penyebab spesifik belum dapat ditentukan (LAYANG/POHON/HEWAN/BENDA ASING butuh lebih banyak data latih). | [CATATAN: Tipe proteksi tidak teridentifikasi dari sinyal digital — diklasifikasikan berdasarkan analisis gelombang arus/tegangan saja. Verifikasi manual diperlukan.],GITET 500KV INDRAMAYU,UNKNOWN,unknown,A,5.859375,2,749.6891479492188,0.4226446019871754,,-0.0006042598512677943,,,"C:\Users\hafizna.fadhli\Downloads\36. DFR GANGGUAN UIT JBT\raw_data\UPT CIREBON\2023\03. MARET\02. DMYU_DLTMS#1 (25 MAR 2023)\DFR Eksternal\230325,081840850,+7h0,GITET 500KV INDRAMAYU,DELTAMAS 1-2,Qualitrol LLC.cfg"
174,UPT CIREBON,2023,03. MARET,03. RECLOSE PRKAN- KDPTN (28 MAR 2023),Tuesday 28 March 2023 12.59.13.000.CFG,,PETIR (TRANSIEN),1.0,2,petir_decision_tree,"Classifier ML: probabilitas PETIR=100%  dur=80ms  fault_count=2  i0/i1=1.01  — gangguan transien, AR berhasil, tidak perlu crew lapangan.",BAY KADIPATEN-2,Z2,three_pole,A+B+C,79.87189483642578,2,1393.428955078125,1.0065129711567138,True,0.03528732447542923,,,C:\Users\hafizna.fadhli\Downloads\36. DFR GANGGUAN UIT JBT\raw_data\UPT CIREBON\2023\03. MARET\03. RECLOSE PRKAN- KDPTN (28 MAR 2023)\GI PRKAN\P442_KDPTN2_280323\Tuesday 28 March 2023 12.59.13.000.CFG
175,UPT CIREBON,2023,03. MARET,04. RECLOSE DAN TRIP SUTT 150 KV JTBRG HRGLS (30 MAR 2023),Friday 31 March 2023 00.32.47.000.CFG,,PETIR (TRANSIEN),1.0,2,petir_decision_tree,"Classifier ML: probabilitas PETIR=100%  dur=101ms  fault_count=3  i0/i1=0.72  — gangguan transien, AR berhasil, tidak perlu crew lapangan.",GI HAURGEULIS,Z1,single_pole,B,100.90399932861328,3,5240.93408203125,0.7244439314285641,True,0.011101267787198218,,,C:\Users\hafizna.fadhli\Downloads\36. DFR GANGGUAN UIT JBT\raw_data\UPT CIREBON\2023\03. MARET\04. RECLOSE DAN TRIP SUTT 150 KV JTBRG HRGLS (30 MAR 2023)\DISTANCE RELAY GI HRGLS BAY JTBRG\Friday 31 March 2023 00.32.47.000.CFG
176,UPT CIREBON,2023,03. MARET,04. RECLOSE DAN TRIP SUTT 150 KV JTBRG HRGLS (30 MAR 2023),Friday 31 March 2023 00.54.05.000.CFG,,PETIR (TRANSIEN),1.0,2,petir_decision_tree,"Classifier ML: probabilitas PETIR=100%  dur=0ms  fault_count=1  i0/i1=0.47  — gangguan transien, AR berhasil, tidak perlu crew lapangan. | [CATATAN: Tipe proteksi tidak teridentifikasi dari sinyal digital — diklasifikasikan berdasarkan analisis gelombang arus/tegangan saja. Verifikasi manual diperlukan.]",GI HAURGEULIS,UNKNOWN,unknown,C,0.0,1,543.5369873046875,0.473045939970033,,0.005039048832473242,,,C:\Users\hafizna.fadhli\Downloads\36. DFR GANGGUAN UIT JBT\raw_data\UPT CIREBON\2023\03. MARET\04. RECLOSE DAN TRIP SUTT 150 KV JTBRG HRGLS (30 MAR 2023)\DISTANCE RELAY GI HRGLS BAY JTBRG\Friday 31 March 2023 00.54.05.000.CFG
177,UPT CIREBON,2023,03. MARET,04. RECLOSE DAN TRIP SUTT 150 KV JTBRG HRGLS (30 MAR 2023),Friday 31 March 2023 00.32.15.000.CFG,,PETIR (TRANSIEN),1.0,2,petir_decision_tree,"Classifier ML: probabilitas PETIR=100%  dur=100ms  fault_count=2  i0/i1=1.07  — gangguan transien, AR berhasil, tidak perlu crew lapangan.",GI JATIBARANG,Z1,single_pole,B,100.04000091552734,2,10570.248046875,1.069856640758366,,0.6709672811311409,,,C:\Users\hafizna.fadhli\Downloads\36. DFR GANGGUAN UIT JBT\raw_data\UPT CIREBON\2023\03. MARET\04. RECLOSE DAN TRIP SUTT 150 KV JTBRG HRGLS (30 MAR 2023)\DISTANCE RELAY GI JATIBARG BAY HRGLS\Friday 31 March 2023 00.32.15.000.CFG
179,UPT CIREBON,2023,03. MARET,"06. TRIP SRAGI-BBKAN 1,2 (31 MAR 2023)",Friday 31 March 2023 17.49.08.000.CFG,,PETIR (TRANSIEN),1.0,2,petir_decision_tree,"Classifier ML: probabilitas PETIR=100%  dur=80ms  fault_count=1  i0/i1=0.01  — gangguan transien, AR berhasil, tidak perlu crew lapangan.",GI SUNYARAGI,Z1,three_pole,A+B+C,79.87213134765625,1,6026.669921875,0.013030842474714296,,0.6601774811560746,,,"C:\Users\hafizna.fadhli\Downloads\36. DFR GANGGUAN UIT JBT\raw_data\UPT CIREBON\2023\03. MARET\06. TRIP SRAGI-BBKAN 1,2 (31 MAR 2023)\PHT 2\Friday 31 March 2023 17.49.08.000.CFG"
180,UPT CIREBON,2023,04. APRIL,01. RECLOSE SUTET 500KV TASIKMALAYA-DEPOK #1 (02 APRIL 2023),Sunday 02 April 2023 14.58.56.000.CFG,,PETIR (TRANSIEN),1.0,2,petir_decision_tree,"Classifier ML: probabilitas PETIR=100%  dur=101ms  fault_count=1  i0/i1=1.16  — gangguan transien, AR berhasil, tidak perlu crew lapangan.",TASIK-DEPOK 1,UNKNOWN,single_pole,A,101.18597412109375,1,17621.560546875,1.1610149610847182,,0.5883438434480848,,,C:\Users\hafizna.fadhli\Downloads\36. DFR GANGGUAN UIT JBT\raw_data\UPT CIREBON\2023\04. APRIL\01. RECLOSE SUTET 500KV TASIKMALAYA-DEPOK #1 (02 APRIL 2023)\DFR GITET DEPOK\Sunday 02 April 2023 14.58.56.000.CFG
182,UPT CIREBON,2023,04. APRIL,02. RECLOSE BAY TASIKMALAYA GI MALANGBONG (05 APRL 2023),ZQ1.cfg,,PETIR (TRANSIEN),1.0,2,petir_decision_tree,"Classifier ML: probabilitas PETIR=100%  dur=87ms  fault_count=1  i0/i1=0.57  — gangguan transien, AR berhasil, tidak perlu crew lapangan. | [CATATAN: Tipe proteksi tidak teridentifikasi dari sinyal digital — diklasifikasikan berdasarkan analisis gelombang arus/tegangan saja. Verifikasi manual diperlukan.]",GI 70 KV MALANGBONG,UNKNOWN,single_pole,C,86.66682434082031,1,1427.8515625,0.5654360705783555,,0.2546885909726192,,,C:\Users\hafizna.fadhli\Downloads\36. DFR GANGGUAN UIT JBT\raw_data\UPT CIREBON\2023\04. APRIL\02. RECLOSE BAY TASIKMALAYA GI MALANGBONG (05 APRL 2023)\DFR EKSTERNAL\ZQ1.cfg
183,UPT CIREBON,2023,04. APRIL,02. RECLOSE BAY TASIKMALAYA GI MALANGBONG (05 APRL 2023),Wednesday 05 April 2023 16.45.23.000.CFG,,PETIR (TRANSIEN),1.0,2,petir_decision_tree,"Classifier ML: probabilitas PETIR=100%  dur=100ms  fault_count=2  i0/i1=0.60  — gangguan transien, AR berhasil, tidak perlu crew lapangan.",MLBNG 2,Z1+Z2,unknown,,100.09002685546875,2,1594.0340576171875,0.6014813079853496,,0.0073132492668441474,,,C:\Users\hafizna.fadhli\Downloads\36. DFR GANGGUAN UIT JBT\raw_data\UPT CIREBON\2023\04. APRIL\02. RECLOSE BAY TASIKMALAYA GI MALANGBONG (05 APRL 2023)\RELAI DISTANCE\BAY MALANGBONG 2 GI TASIKMALAYA\Wednesday 05 April 2023 16.45.23.000.CFG
187,UPT CIREBON,2023,04. APRIL,"05. RECLOSE KDPTN-ARJWN 1,2 (9 APR 2023)",20230409_174834_696_r120.cfg,,PETIR (TRANSIEN),1.0,2,petir_decision_tree,"Classifier ML: probabilitas PETIR=100%  dur=80ms  fault_count=2  i0/i1=2.24  — gangguan transien, AR berhasil, tidak perlu crew lapangan.",GI KADIPATEN,Z1,single_pole,C,79.87213134765625,2,1561.326416015625,2.2404042584275716,True,0.012190230824422823,,,"C:\Users\hafizna.fadhli\Downloads\36. DFR GANGGUAN UIT JBT\raw_data\UPT CIREBON\2023\04. APRIL\05. RECLOSE KDPTN-ARJWN 1,2 (9 APR 2023)\GI KDPTN\LINE 1\20230409_174834_696_r120.cfg"
188,UPT CIREBON,2023,04. APRIL,"05. RECLOSE KDPTN-ARJWN 1,2 (9 APR 2023)",20230409_175951_858_r250.cfg,,PETIR (TRANSIEN),1.0,2,petir_decision_tree,"Classifier ML: probabilitas PETIR=100%  dur=80ms  fault_count=1  i0/i1=3.55  — gangguan transien, AR berhasil, tidak perlu crew lapangan.",GI KADIPATEN,Z1,single_pole,B,79.87213134765625,1,1441.9893798828125,3.5471574470664766,,-0.00016016707732379915,,,"C:\Users\hafizna.fadhli\Downloads\36. DFR GANGGUAN UIT JBT\raw_data\UPT CIREBON\2023\04. APRIL\05. RECLOSE KDPTN-ARJWN 1,2 (9 APR 2023)\GI KDPTN\LINE 2\20230409_175951_858_r250.cfg"
189,UPT CIREBON,2023,04. APRIL,06. RECLOSE BAY KARAHA #1 GI GARUT (10 APRIL 2023),ZQ1.cfg,,PETIR (TRANSIEN),1.0,2,petir_decision_tree,"Classifier ML: probabilitas PETIR=100%  dur=160ms  fault_count=2  i0/i1=0.01  — gangguan transien, AR berhasil, tidak perlu crew lapangan. | [CATATAN: Tipe proteksi tidak teridentifikasi dari sinyal digital — diklasifikasikan berdasarkan analisis gelombang arus/tegangan saja. Verifikasi manual diperlukan.]",GI 150 KV GARUT,UNKNOWN,unknown,A+B+C,160.3125,2,8793.9501953125,0.00943601025767823,,0.27570696716296056,,,C:\Users\hafizna.fadhli\Downloads\36. DFR GANGGUAN UIT JBT\raw_data\UPT CIREBON\2023\04. APRIL\06. RECLOSE BAY KARAHA #1 GI GARUT (10 APRIL 2023)\DFR EKSTERNAL\ZQ1.cfg
190,UPT CIREBON,2023,04. APRIL,06. RECLOSE BAY KARAHA #1 GI GARUT (10 APRIL 2023),AA1E1Q10FP1_DR17_20230410145004.cfg,,PETIR (TRANSIEN),1.0,2,petir_decision_tree,"Classifier ML: probabilitas PETIR=100%  dur=160ms  fault_count=4  i0/i1=2.06  — gangguan transien, AR berhasil, tidak perlu crew lapangan. | [CATATAN: Tipe proteksi tidak teridentifikasi dari sinyal digital — diklasifikasikan berdasarkan analisis gelombang arus/tegangan saja. Verifikasi manual diperlukan.]",Station name,UNKNOWN,three_pole,A+B+C,160.0,4,20.0,2.0615809166549717,True,0.494165479449236,,,C:\Users\hafizna.fadhli\Downloads\36. DFR GANGGUAN UIT JBT\raw_data\UPT CIREBON\2023\04. APRIL\06. RECLOSE BAY KARAHA #1 GI GARUT (10 APRIL 2023)\RELE LINE DIFF\AA1E1Q10FP1_DR17_20230410145004.cfg
191,UPT CIREBON,2023,04. APRIL,08. RECLOSE SRAGI-ARJWN 2 (12 APR 2023),Wednesday 12 April 2023 03.06.13.000.CFG,,PETIR (TRANSIEN),1.0,2,petir_decision_tree,"Classifier ML: probabilitas PETIR=100%  dur=6160ms  fault_count=1  i0/i1=0.00  — gangguan transien, AR berhasil, tidak perlu crew lapangan. | [CATATAN: Tipe proteksi tidak teridentifikasi dari sinyal digital — diklasifikasikan berdasarkan analisis gelombang arus/tegangan saja. Verifikasi manual diperlukan.]",SUNYARAGI-2,UNKNOWN,unknown,B,6159.97998046875,1,1902.81005859375,0.0030944783556663196,,0.0955448536479204,,,C:\Users\hafizna.fadhli\Downloads\36. DFR GANGGUAN UIT JBT\raw_data\UPT CIREBON\2023\04. APRIL\08. RECLOSE SRAGI-ARJWN 2 (12 APR 2023)\GI ARJWN\Wednesday 12 April 2023 03.06.13.000.CFG
192,UPT CIREBON,2023,04. APRIL,08. RECLOSE SRAGI-ARJWN 2 (12 APR 2023),Wednesday 12 April 2023 09.16.18.000.CFG,,PETIR (TRANSIEN),1.0,2,petir_decision_tree,"Classifier ML: probabilitas PETIR=100%  dur=580ms  fault_count=2  i0/i1=0.70  — gangguan transien, AR berhasil, tidak perlu crew lapangan.",Arjawinangun 2,UNKNOWN,unknown,,580.4639892578125,2,2378.180908203125,0.7016343255995316,True,0.2310747308137531,,,C:\Users\hafizna.fadhli\Downloads\36. DFR GANGGUAN UIT JBT\raw_data\UPT CIREBON\2023\04. APRIL\08. RECLOSE SRAGI-ARJWN 2 (12 APR 2023)\GI SRAGI\Wednesday 12 April 2023 09.16.18.000.CFG
193,UPT CIREBON,2023,04. APRIL,"09. RECLOSE PRKAN-SMDG 1,2 (13 APR 2023)",20230413_184350_470_r041_20230413T184230_PRKAN_SMDG1_Distance.cfg,,PETIR (TRANSIEN),1.0,2,petir_decision_tree,"Classifier ML: probabilitas PETIR=100%  dur=80ms  fault_count=2  i0/i1=0.80  — gangguan transien, AR berhasil, tidak perlu crew lapangan.",BAY SUMEDANG-1,UNKNOWN,single_pole,A,80.06405639648438,2,977.9009399414062,0.804857634803903,True,0.8235400039509263,,,"C:\Users\hafizna.fadhli\Downloads\36. DFR GANGGUAN UIT JBT\raw_data\UPT CIREBON\2023\04. APRIL\09. RECLOSE PRKAN-SMDG 1,2 (13 APR 2023)\GI PRKAN\BAY SMDG 1\20230413_184350_470_r041_20230413T184230_PRKAN_SMDG1_Distance.cfg"
194,UPT CIREBON,2023,04. APRIL,"09. RECLOSE PRKAN-SMDG 1,2 (13 APR 2023)",20230413_184410_952_r138.cfg,,PETIR (TRANSIEN),1.0,2,petir_decision_tree,"Classifier ML: probabilitas PETIR=100%  dur=203ms  fault_count=2  i0/i1=1.42  — gangguan transien, AR berhasil, tidak perlu crew lapangan. | [CATATAN: Tipe proteksi tidak teridentifikasi dari sinyal digital — diklasifikasikan berdasarkan analisis gelombang arus/tegangan saja. Verifikasi manual diperlukan.]",BAY SUMEDANG-2,UNKNOWN,unknown,A,203.20797729492188,2,187.8453826904297,1.4221496440572674,,0.8193397797991371,,,"C:\Users\hafizna.fadhli\Downloads\36. DFR GANGGUAN UIT JBT\raw_data\UPT CIREBON\2023\04. APRIL\09. RECLOSE PRKAN-SMDG 1,2 (13 APR 2023)\GI SMDG\BAY PRKAN 2\20230413_184410_952_r138.cfg"
195,UPT CIREBON,2023,04. APRIL,10. RECLOSE MDRCN-PMLG 4 (16 APR 2023),16_04_2023 Pemalang 4 (2).CFG,,PETIR (TRANSIEN),1.0,2,petir_decision_tree,"Classifier ML: probabilitas PETIR=100%  dur=6ms  fault_count=2  i0/i1=0.08  — gangguan transien, AR berhasil, tidak perlu crew lapangan. | [CATATAN: Tipe proteksi tidak teridentifikasi dari sinyal digital — diklasifikasikan berdasarkan analisis gelombang arus/tegangan saja. Verifikasi manual diperlukan.]",New Relay,UNKNOWN,single_pole,B,6.000012397766113,2,0.3349638879299164,0.07828465021824448,,0.0005996439298651805,,,C:\Users\hafizna.fadhli\Downloads\36. DFR GANGGUAN UIT JBT\raw_data\UPT CIREBON\2023\04. APRIL\10. RECLOSE MDRCN-PMLG 4 (16 APR 2023)\16_04_2023 Pemalang 4 (2).CFG
196,UPT CIREBON,2023,04. APRIL,10. RECLOSE MDRCN-PMLG 4 (16 APR 2023),"230416,084420270,+7h0,GITET MANDIRANCAN,PEMALANG 3-4,Qualitrol LLC.cfg",,NON-PETIR — PERLU INVESTIGASI,0.831,2,petir_decision_tree_non_petir,Classifier ML: bukan PETIR (prob non-PETIR=83%)  dur=96ms  fault_count=2  — penyebab spesifik belum dapat ditentukan (LAYANG/POHON/HEWAN/BENDA ASING butuh lebih banyak data latih).,GITET MANDIRANCAN,UNKNOWN,unknown,,96.484375,2,2296.3595390319824,0.09947656567224131,,0.014717917297173103,,,"C:\Users\hafizna.fadhli\Downloads\36. DFR GANGGUAN UIT JBT\raw_data\UPT CIREBON\2023\04. APRIL\10. RECLOSE MDRCN-PMLG 4 (16 APR 2023)\230416,084420270,+7h0,GITET MANDIRANCAN,PEMALANG 3-4,Qualitrol LLC.cfg"
199,UPT CIREBON,2023,04. APRIL,13. RECLOSE BAY LAMAJAN GI SUMADRA (24 APRIL 2023),Monday 24 April 2023 13.51.43.000.CFG,,KONDUKTOR / KERUSAKAN PERALATAN,0.85,1,fault_on_reclose_phase_change,"fault_count=2, fasa=A+B, dur=110ms - perubahan fasa saat AR, diduga kerusakan mekanik (konduktor/tower). Periksa timing antar gangguan sebelum menyimpulkan. | [CATATAN: Tipe proteksi tidak teridentifikasi dari sinyal digital — diklasifikasikan berdasarkan analisis gelombang arus/tegangan saja. Verifikasi manual diperlukan.]",70 KV LMJAN,UNKNOWN,unknown,A+B,109.92799377441406,2,2263.458984375,0.1518944444425997,,0.8693644469809957,,,C:\Users\hafizna.fadhli\Downloads\36. DFR GANGGUAN UIT JBT\raw_data\UPT CIREBON\2023\04. APRIL\13. RECLOSE BAY LAMAJAN GI SUMADRA (24 APRIL 2023)\RELAI DISTANCE\BAY LAMAJAN GI SUMADRA\Monday 24 April 2023 13.51.43.000.CFG
200,UPT CIREBON,2023,04. APRIL,14. RECLOSE BAY PMPEK #1-2 GI SUMADRA (24 APRIL 2023),ZQ3.cfg,,NON-PETIR — PERLU INVESTIGASI,1.0,2,petir_decision_tree_non_petir,Classifier ML: bukan PETIR (prob non-PETIR=100%)  dur=109ms  fault_count=1  — penyebab spesifik belum dapat ditentukan (LAYANG/POHON/HEWAN/BENDA ASING butuh lebih banyak data latih). | [CATATAN: Tipe proteksi tidak teridentifikasi dari sinyal digital — diklasifikasikan berdasarkan analisis gelombang arus/tegangan saja. Verifikasi manual diperlukan.],GI SUMADRA,UNKNOWN,unknown,,108.95833587646484,1,3084.097412109375,0.8875823567480393,,0.8343552361111548,,,C:\Users\hafizna.fadhli\Downloads\36. DFR GANGGUAN UIT JBT\raw_data\UPT CIREBON\2023\04. APRIL\14. RECLOSE BAY PMPEK #1-2 GI SUMADRA (24 APRIL 2023)\DFR EKSTERNAL\ZQ3.cfg
201,UPT CIREBON,2023,04. APRIL,15. RECLOSE PRKAN-SMDG 2 (28 APR 2023),20230428_125355_236_r139.cfg,,PETIR (TRANSIEN),1.0,2,petir_decision_tree,"Classifier ML: probabilitas PETIR=100%  dur=80ms  fault_count=2  i0/i1=0.94  — gangguan transien, AR berhasil, tidak perlu crew lapangan.",BAY SUMEDANG-2,UNKNOWN,three_pole,A+B+C,80.06405639648438,2,683.701904296875,0.9430155748057802,True,0.8970186252161714,,,C:\Users\hafizna.fadhli\Downloads\36. DFR GANGGUAN UIT JBT\raw_data\UPT CIREBON\2023\04. APRIL\15. RECLOSE PRKAN-SMDG 2 (28 APR 2023)\GI PARAKAN\20230428_125355_236_r139.cfg
202,UPT CIREBON,2023,04. APRIL,17. TRIP SUTT 150KV TASIKMALAYA - GARUT #1 (30 APRIL 2023),Sunday 30 April 2023 14.47.49.000.CFG,,NON-PETIR — PERLU INVESTIGASI,0.907,2,petir_decision_tree_non_petir,Classifier ML: bukan PETIR (prob non-PETIR=91%)  dur=97ms  fault_count=1  — penyebab spesifik belum dapat ditentukan (LAYANG/POHON/HEWAN/BENDA ASING butuh lebih banyak data latih).,MiCOM,Z1,single_pole,A,96.62798309326172,1,8117.330078125,1.3998051139929102,,0.7968573823374346,,,C:\Users\hafizna.fadhli\Downloads\36. DFR GANGGUAN UIT JBT\raw_data\UPT CIREBON\2023\04. APRIL\17. TRIP SUTT 150KV TASIKMALAYA - GARUT #1 (30 APRIL 2023)\RELAI DISTANCE\BAY TASIK #1 GI GARUT\Sunday 30 April 2023 14.47.49.000.CFG
203,UPT CIREBON,2023,04. APRIL,17. TRIP SUTT 150KV TASIKMALAYA - GARUT #1 (30 APRIL 2023),Sunday 30 April 2023 14.47.54.000.CFG,,GANGGUAN PERMANEN,0.9,1,explicit_failed_reclose,"reclose_successful=False - gangguan permanen, AR gagal. Penyebab spesifik belum dapat ditentukan dari rekaman ini. Kirim tim lapangan.",MiCOM,Z1,unknown,,93.29598999023438,2,10329.5400390625,1.0034459919458423,False,-0.251243175101564,,,C:\Users\hafizna.fadhli\Downloads\36. DFR GANGGUAN UIT JBT\raw_data\UPT CIREBON\2023\04. APRIL\17. TRIP SUTT 150KV TASIKMALAYA - GARUT #1 (30 APRIL 2023)\RELAI DISTANCE\BAY TASIK #1 GI GARUT\Sunday 30 April 2023 14.47.54.000.CFG
204,UPT CIREBON,2023,05. MEI,1. RECLOSE BAY MALANGBONG #1-2 GI TASIKMALAYA (JAM 16.07 WIB) (04 MEI 2023),ZQ7.cfg,,PETIR (TRANSIEN),1.0,2,petir_decision_tree,"Classifier ML: probabilitas PETIR=100%  dur=91ms  fault_count=1  i0/i1=4.07  — gangguan transien, AR berhasil, tidak perlu crew lapangan. | [CATATAN: Tipe proteksi tidak teridentifikasi dari sinyal digital — diklasifikasikan berdasarkan analisis gelombang arus/tegangan saja. Verifikasi manual diperlukan.]",GI MALANGBONG,UNKNOWN,unknown,A+B+C,91.45832061767578,1,1172.0087890625,4.073337726149469,,0.06981628050485827,,,C:\Users\hafizna.fadhli\Downloads\36. DFR GANGGUAN UIT JBT\raw_data\UPT CIREBON\2023\05. MEI\1. RECLOSE BAY MALANGBONG #1-2 GI TASIKMALAYA (JAM 16.07 WIB) (04 MEI 2023)\DFR EKSTERNAL\GI MALANGBONG BAY TASIK #1-2\16.08\ZQ7.cfg
205,UPT CIREBON,2023,05. MEI,2. RECLOSE BAY TASIKMALAYA #1 GI MALANGBONG (JAM 16.08 WIB) (04 MEI 2023),ZQ7.cfg,,PETIR (TRANSIEN),1.0,2,petir_decision_tree,"Classifier ML: probabilitas PETIR=100%  dur=91ms  fault_count=1  i0/i1=4.07  — gangguan transien, AR berhasil, tidak perlu crew lapangan. | [CATATAN: Tipe proteksi tidak teridentifikasi dari sinyal digital — diklasifikasikan berdasarkan analisis gelombang arus/tegangan saja. Verifikasi manual diperlukan.]",GI MALANGBONG,UNKNOWN,unknown,A+B+C,91.45832061767578,1,1172.0087890625,4.073337726149469,,0.06981628050485827,,,C:\Users\hafizna.fadhli\Downloads\36. DFR GANGGUAN UIT JBT\raw_data\UPT CIREBON\2023\05. MEI\2. RECLOSE BAY TASIKMALAYA #1 GI MALANGBONG (JAM 16.08 WIB) (04 MEI 2023)\DFR EKSTERNAL\GI MALANGBONG BAY TASIK #1-2\ZQ7.cfg
206,UPT CIREBON,2023,05. MEI,2. RECLOSE BAY TASIKMALAYA #1 GI MALANGBONG (JAM 16.08 WIB) (04 MEI 2023),ZQ8.cfg,,PETIR (TRANSIEN),1.0,2,petir_decision_tree,"Classifier ML: probabilitas PETIR=100%  dur=1ms  fault_count=2  i0/i1=0.00  — gangguan transien, AR berhasil, tidak perlu crew lapangan. | [CATATAN: Tipe proteksi tidak teridentifikasi dari sinyal digital — diklasifikasikan berdasarkan analisis gelombang arus/tegangan saja. Verifikasi manual diperlukan.]",GI MALANGBONG,UNKNOWN,unknown,C,1.0418891906738281,2,227.87620544433594,0.0,,0.0073655105551354615,,,C:\Users\hafizna.fadhli\Downloads\36. DFR GANGGUAN UIT JBT\raw_data\UPT CIREBON\2023\05. MEI\2. RECLOSE BAY TASIKMALAYA #1 GI MALANGBONG (JAM 16.08 WIB) (04 MEI 2023)\DFR EKSTERNAL\GI MALANGBONG BAY TASIK #1-2\ZQ8.cfg
207,UPT CIREBON,2024,01. JANUARI,"01. 20240102 RECLOSE SRAGI-ARJWN 1,2 (2 JAN 2024)_PETIR",PCS900_RCD_01065_20240102_212020_415.CFG,PETIR,GANGGUAN PERMANEN,0.75,1,three_pole_failed_reclose,"trip_type=three_pole, reclose_successful=False - gangguan permanen 3-fasa, AR gagal. Diduga kerusakan mekanik/konduktor, perlu investigasi lapangan.",NR,Z1,three_pole,A+B+C,65.83332824707031,1,5530.5234375,0.057454832942235294,False,0.7296006138906483,,,"C:\Users\hafizna.fadhli\Downloads\36. DFR GANGGUAN UIT JBT\raw_data\UPT CIREBON\2024\01. JANUARI\01. 20240102 RECLOSE SRAGI-ARJWN 1,2 (2 JAN 2024)_PETIR\GI SRAGI\PHT. 1\PCS900_RCD_01065_20240102_212020_415.CFG"
208,UPT CIREBON,2024,01. JANUARI,"01. 20240102 RECLOSE SRAGI-ARJWN 1,2 (2 JAN 2024)_PETIR",Tuesday 02 January 2024 21.30.27.000.CFG,PETIR,PETIR (TRANSIEN),1.0,2,petir_decision_tree,"Classifier ML: probabilitas PETIR=100%  dur=580ms  fault_count=1  i0/i1=0.11  — gangguan transien, AR berhasil, tidak perlu crew lapangan.",Arjawinangun 2,UNKNOWN,unknown,,580.4639892578125,1,5636.1630859375,0.11110268033833413,,0.6714882434322217,,,"C:\Users\hafizna.fadhli\Downloads\36. DFR GANGGUAN UIT JBT\raw_data\UPT CIREBON\2024\01. JANUARI\01. 20240102 RECLOSE SRAGI-ARJWN 1,2 (2 JAN 2024)_PETIR\GI SRAGI\PHT. 2\Tuesday 02 January 2024 21.30.27.000.CFG"
209,UPT CIREBON,2024,01. JANUARI,04. RECLOSE JTGEDE-RCEKEK 2 (9 JAN 2024)_PETIR,PCS900_RCD_01330_20240109_165250_112.CFG,PETIR,PETIR (TRANSIEN),1.0,2,petir_decision_tree,"Classifier ML: probabilitas PETIR=100%  dur=168ms  fault_count=1  i0/i1=0.76  — gangguan transien, AR berhasil, tidak perlu crew lapangan.",NR,Z1,three_pole,A+B+C,168.3333282470703,1,2.1750435829162598,0.763865581466412,True,0.8816971454757819,,,C:\Users\hafizna.fadhli\Downloads\36. DFR GANGGUAN UIT JBT\raw_data\UPT CIREBON\2024\01. JANUARI\04. RECLOSE JTGEDE-RCEKEK 2 (9 JAN 2024)_PETIR\GI JATIGEDE\PHT 2\PCS900_RCD_01330_20240109_165250_112.CFG
210,UPT CIREBON,2024,01. JANUARI,"05. RECLOSE MDRCN-SRAGI 1,2 (11 JAN 2024)_PETIR",ZQ79.cfg,PETIR,PETIR (TRANSIEN),1.0,2,petir_decision_tree,"Classifier ML: probabilitas PETIR=100%  dur=496ms  fault_count=1  i0/i1=0.33  — gangguan transien, AR berhasil, tidak perlu crew lapangan.",GI 150 KV MANDIRANCAN,UNKNOWN,unknown,,496.2499694824219,1,3206.83984375,0.3333822118678389,,0.0032432767990793303,,,"C:\Users\hafizna.fadhli\Downloads\36. DFR GANGGUAN UIT JBT\raw_data\UPT CIREBON\2024\01. JANUARI\05. RECLOSE MDRCN-SRAGI 1,2 (11 JAN 2024)_PETIR\GI MDRCN\DFR EKSTERNAL SRAGI 1,2\ZQ79.cfg"
211,UPT CIREBON,2024,01. JANUARI,08. RECLOSE SRAGI-BBKAN 1 (26 JAN 2024)_BENDA LAIN_SPANDUK,PCS900_RCD_02175_20240126_130852_546.CFG,LAIN-LAIN,GANGGUAN PERMANEN,0.75,1,three_pole_failed_reclose,"trip_type=three_pole, reclose_successful=False - gangguan permanen 3-fasa, AR gagal. Diduga kerusakan mekanik/konduktor, perlu investigasi lapangan.",NR,UNKNOWN,three_pole,A+B+C,109.99998474121094,1,12.3973970413208,2.43544742267345,False,0.1839116150640501,,,C:\Users\hafizna.fadhli\Downloads\36. DFR GANGGUAN UIT JBT\raw_data\UPT CIREBON\2024\01. JANUARI\08. RECLOSE SRAGI-BBKAN 1 (26 JAN 2024)_BENDA LAIN_SPANDUK\GI BABAKAN\PCS900_RCD_02175_20240126_130852_546.CFG
215,UPT CIREBON,2024,01. JANUARI,10. RECLOSE JTGEDE-RCEKEK 2 (31 JAN 2024)_PETIR,PCS900_RCD_01331_20240131_154628_272.CFG,PETIR,PETIR (TRANSIEN),1.0,2,petir_decision_tree,"Classifier ML: probabilitas PETIR=100%  dur=47ms  fault_count=1  i0/i1=1.03  — gangguan transien, AR berhasil, tidak perlu crew lapangan.",NR,Z1,single_pole,C,46.666683197021484,1,1.4042757749557495,1.0328259167224816,True,0.7538294803920882,,,C:\Users\hafizna.fadhli\Downloads\36. DFR GANGGUAN UIT JBT\raw_data\UPT CIREBON\2024\01. JANUARI\10. RECLOSE JTGEDE-RCEKEK 2 (31 JAN 2024)_PETIR\GI JATIGEDE\PCS900_RCD_01331_20240131_154628_272.CFG
216,UPT CIREBON,2024,01. JANUARI,11. RECLOSE PRKAN-SMDG 2 (31 JAN 2024)_PETIR,20240131_153214_721_r088(1).cfg,PETIR,KONDUKTOR / KERUSAKAN PERALATAN,0.85,1,fault_on_reclose_phase_change,"fault_count=2, fasa=B+C, dur=243ms - perubahan fasa saat AR, diduga kerusakan mekanik (konduktor/tower). Periksa timing antar gangguan sebelum menyimpulkan.",GI SUMEDANG,Z1,unknown,B+C,243.23594665527344,2,1491.7132568359375,1.0182255842347145,True,0.6817585459479923,,,C:\Users\hafizna.fadhli\Downloads\36. DFR GANGGUAN UIT JBT\raw_data\UPT CIREBON\2024\01. JANUARI\11. RECLOSE PRKAN-SMDG 2 (31 JAN 2024)_PETIR\GI SUMEDANG\PRKAN 2\20240131_153214_721_r088(1).cfg
217,UPT CIREBON,2024,01. JANUARI,11. RECLOSE PRKAN-SMDG 2 (31 JAN 2024)_PETIR,20240131_153214_721_r088.cfg,PETIR,KONDUKTOR / KERUSAKAN PERALATAN,0.85,1,fault_on_reclose_phase_change,"fault_count=2, fasa=B+C, dur=243ms - perubahan fasa saat AR, diduga kerusakan mekanik (konduktor/tower). Periksa timing antar gangguan sebelum menyimpulkan.",GI SUMEDANG,Z1,unknown,B+C,243.23594665527344,2,1491.7132568359375,1.0182255842347145,True,0.6817585459479923,,,C:\Users\hafizna.fadhli\Downloads\36. DFR GANGGUAN UIT JBT\raw_data\UPT CIREBON\2024\01. JANUARI\11. RECLOSE PRKAN-SMDG 2 (31 JAN 2024)_PETIR\GI SUMEDANG\PRKAN 2\20240131_153214_721_r088.cfg
218,UPT CIREBON,2024,02. FEBRUARI,03. RECLOSE JTGEDE-RCEKEK 2 (2 FEB 2024)_PETIR,PCS900_RCD_01332_20240202_135147_479.CFG,PETIR,PETIR (TRANSIEN),1.0,2,petir_decision_tree,"Classifier ML: probabilitas PETIR=100%  dur=53ms  fault_count=1  i0/i1=0.93  — gangguan transien, AR berhasil, tidak perlu crew lapangan.",NR,Z1,single_pole,A,52.50000762939453,1,1.8230948448181152,0.9261207723760324,True,0.8461731508937899,,,C:\Users\hafizna.fadhli\Downloads\36. DFR GANGGUAN UIT JBT\raw_data\UPT CIREBON\2024\02. FEBRUARI\03. RECLOSE JTGEDE-RCEKEK 2 (2 FEB 2024)_PETIR\REKAMAN DFR\PHT 2\PCS900_RCD_01332_20240202_135147_479.CFG
219,UPT CIREBON,2024,02. FEBRUARI,04. RECLOSE SRAGI-ARJWN 2 (3 FEB 2024)_PETIR,Saturday 03 February 2024 17.48.03.000.CFG,PETIR,NON-PETIR — PERLU INVESTIGASI,1.0,2,petir_decision_tree_non_petir,Classifier ML: bukan PETIR (prob non-PETIR=100%)  dur=580ms  fault_count=2  — penyebab spesifik belum dapat ditentukan (LAYANG/POHON/HEWAN/BENDA ASING butuh lebih banyak data latih).,Arjawinangun 2,UNKNOWN,unknown,,579.7680053710938,2,2702.387939453125,0.7811269639832604,True,0.7690072863978359,,,C:\Users\hafizna.fadhli\Downloads\36. DFR GANGGUAN UIT JBT\raw_data\UPT CIREBON\2024\02. FEBRUARI\04. RECLOSE SRAGI-ARJWN 2 (3 FEB 2024)_PETIR\REKAMAN DFR\GI SUNYARAGI\Saturday 03 February 2024 17.48.03.000.CFG
220,UPT CIREBON,2024,02. FEBRUARI,07. RECLOSE KNCI-BREBES 1 (11 FEB 2024)_PETIR,OCR CEP 2.CFG,PETIR,PETIR (TRANSIEN),1.0,2,petir_decision_tree,"Classifier ML: probabilitas PETIR=100%  dur=118ms  fault_count=1  i0/i1=0.53  — gangguan transien, AR berhasil, tidak perlu crew lapangan.",GI Kanci,UNKNOWN,single_pole,A,117.99996948242188,1,1.8703149557113647,0.5263265585195201,,0.31376165545973334,,,C:\Users\hafizna.fadhli\Downloads\36. DFR GANGGUAN UIT JBT\raw_data\UPT CIREBON\2024\02. FEBRUARI\07. RECLOSE KNCI-BREBES 1 (11 FEB 2024)_PETIR\REKAMAN DFR\GI KANCI\OCR CEP 2.CFG
221,UPT CIREBON,2024,02. FEBRUARI,08. RECLOSE JTGEDE-RCEKEK 2 (17 FEB 2024)_PETIR,D50_RCD_01016_20240217_142420_372.cfg,PETIR,PETIR (TRANSIEN),1.0,2,petir_decision_tree,"Classifier ML: probabilitas PETIR=100%  dur=1430ms  fault_count=1  i0/i1=0.30  — gangguan transien, AR berhasil, tidak perlu crew lapangan.",NR,UNKNOWN,unknown,B+C,1430.0001220703125,1,2.630817413330078,0.3010701301455435,,0.6971688105943953,,,C:\Users\hafizna.fadhli\Downloads\36. DFR GANGGUAN UIT JBT\raw_data\UPT CIREBON\2024\02. FEBRUARI\08. RECLOSE JTGEDE-RCEKEK 2 (17 FEB 2024)_PETIR\REKAMAN DFR\GI JATIGEDE\D50_RCD_01016_20240217_142420_372.cfg
223,UPT CIREBON,2024,02. FEBRUARI,08. RECLOSE JTGEDE-RCEKEK 2 (17 FEB 2024)_PETIR,20240217_142408_276_r104.cfg,PETIR,PETIR (TRANSIEN),1.0,2,petir_decision_tree,"Classifier ML: probabilitas PETIR=100%  dur=80ms  fault_count=3  i0/i1=0.27  — gangguan transien, AR berhasil, tidak perlu crew lapangan.",GI RANCAEKEK,Z1,three_pole,A+B+C,80.0639419555664,3,7619.888671875,0.26765168428770486,True,0.17407930834612168,,,C:\Users\hafizna.fadhli\Downloads\36. DFR GANGGUAN UIT JBT\raw_data\UPT CIREBON\2024\02. FEBRUARI\08. RECLOSE JTGEDE-RCEKEK 2 (17 FEB 2024)_PETIR\REKAMAN DFR\GI RANCAEKEK\20240217_142408_276_r104.cfg
224,UPT CIREBON,2024,02. FEBRUARI,09 - RECLOSE SUKSES SUTET 500KV TASIKMALAYA-DEPOK (20 FEB 2024)_PETIR,"240220,073645468,+7h0,GITET TASIK,DEPOK1-DEPOK2,Qualitrol LLC.cfg",PETIR,PETIR (TRANSIEN),1.0,2,petir_decision_tree,"Classifier ML: probabilitas PETIR=100%  dur=103ms  fault_count=1  i0/i1=1.19  — gangguan transien, AR berhasil, tidak perlu crew lapangan.",GITET TASIK,UNKNOWN,unknown,,103.12500762939453,1,10772.683143615723,1.1893304785676244,,0.43818244967139,,,"C:\Users\hafizna.fadhli\Downloads\36. DFR GANGGUAN UIT JBT\raw_data\UPT CIREBON\2024\02. FEBRUARI\09 - RECLOSE SUKSES SUTET 500KV TASIKMALAYA-DEPOK (20 FEB 2024)_PETIR\DFR EKSTERNAL\240220,073645468,+7h0,GITET TASIK,DEPOK1-DEPOK2,Qualitrol LLC.cfg"
225,UPT CIREBON,2024,02. FEBRUARI,09 - RECLOSE SUKSES SUTET 500KV TASIKMALAYA-DEPOK (20 FEB 2024)_PETIR,371_202202473645559_FRA00371.CFG,PETIR,PETIR (TRANSIEN),1.0,2,petir_decision_tree,"Classifier ML: probabilitas PETIR=100%  dur=1055ms  fault_count=2  i0/i1=1.15  — gangguan transien, AR berhasil, tidak perlu crew lapangan.",GITET TASIKMALAYA,Z1,single_pole,A+B+C,1055.0001220703125,2,7.701929092407227,1.150989342806513,,0.45085870940390194,,,C:\Users\hafizna.fadhli\Downloads\36. DFR GANGGUAN UIT JBT\raw_data\UPT CIREBON\2024\02. FEBRUARI\09 - RECLOSE SUKSES SUTET 500KV TASIKMALAYA-DEPOK (20 FEB 2024)_PETIR\RELAY LINE DIFF\RELE MAIN B\371_202202473645559_FRA00371.CFG
226,UPT CIREBON,2024,02. FEBRUARI,10 - RECLOSE SUKSES SUTT 70KV SUMADRA-SANTOSA (20 FEB 2024)_PETIR,Tuesday 20 February 2024 13.25.38.000.CFG,PETIR,PETIR (TRANSIEN),1.0,2,petir_decision_tree,"Classifier ML: probabilitas PETIR=100%  dur=80ms  fault_count=1  i0/i1=0.73  — gangguan transien, AR berhasil, tidak perlu crew lapangan.",GI SANTOSA,Z1,single_pole,A,79.96797180175781,1,1891.760009765625,0.7297171698703897,,0.38926217440925037,,,C:\Users\hafizna.fadhli\Downloads\36. DFR GANGGUAN UIT JBT\raw_data\UPT CIREBON\2024\02. FEBRUARI\10 - RECLOSE SUKSES SUTT 70KV SUMADRA-SANTOSA (20 FEB 2024)_PETIR\RELAY DISTANCE\GI SANTOSA BAY SUMADRA\DR\Tuesday 20 February 2024 13.25.38.000.CFG
227,UPT CIREBON,2024,02. FEBRUARI,10 - RECLOSE SUKSES SUTT 70KV SUMADRA-SANTOSA (20 FEB 2024)_PETIR,Tuesday 20 February 2024 11.50.19.000.CFG,PETIR,PETIR (TRANSIEN),1.0,2,petir_decision_tree,"Classifier ML: probabilitas PETIR=100%  dur=137ms  fault_count=3  i0/i1=1.04  — gangguan transien, AR berhasil, tidak perlu crew lapangan.",70 kV SNTSA,Z1,single_pole,A,136.61203002929688,3,1711.0589599609375,1.0401053975722006,True,0.04643013657069752,,,C:\Users\hafizna.fadhli\Downloads\36. DFR GANGGUAN UIT JBT\raw_data\UPT CIREBON\2024\02. FEBRUARI\10 - RECLOSE SUKSES SUTT 70KV SUMADRA-SANTOSA (20 FEB 2024)_PETIR\RELAY DISTANCE\Tuesday 20 February 2024 11.50.19.000.CFG
228,UPT CIREBON,2024,02. FEBRUARI,15. RECLOSE BANJAR - PANGANDARAN 1 (24 FEB 2024)_PETIR,DFR Eksternal Bay Banjar 1.cfg,PETIR,PETIR (TRANSIEN),1.0,2,petir_decision_tree,"Classifier ML: probabilitas PETIR=100%  dur=48ms  fault_count=6  i0/i1=4.12  — gangguan transien, AR berhasil, tidak perlu crew lapangan. | [CATATAN: Tipe proteksi tidak teridentifikasi dari sinyal digital — diklasifikasikan berdasarkan analisis gelombang arus/tegangan saja. Verifikasi manual diperlukan.]",GI PDRAN,UNKNOWN,single_pole,B,47.70833206176758,6,406.0339660644531,4.119176056434011,,0.8194379024688382,,,C:\Users\hafizna.fadhli\Downloads\36. DFR GANGGUAN UIT JBT\raw_data\UPT CIREBON\2024\02. FEBRUARI\15. RECLOSE BANJAR - PANGANDARAN 1 (24 FEB 2024)_PETIR\DFR Eksternal Bay Banjar 1\DFR Eksternal Bay Banjar 1.cfg
229,UPT CIREBON,2024,02. FEBRUARI,15. RECLOSE BANJAR - PANGANDARAN 1 (24 FEB 2024)_PETIR,DFR Eksternal Pangandaran 1.cfg,PETIR,NON-PETIR — PERLU INVESTIGASI,0.831,2,petir_decision_tree_non_petir,Classifier ML: bukan PETIR (prob non-PETIR=83%)  dur=7ms  fault_count=2  — penyebab spesifik belum dapat ditentukan (LAYANG/POHON/HEWAN/BENDA ASING butuh lebih banyak data latih). | [CATATAN: Tipe proteksi tidak teridentifikasi dari sinyal digital — diklasifikasikan berdasarkan analisis gelombang arus/tegangan saja. Verifikasi manual diperlukan.],GI BANJAR,UNKNOWN,unknown,A+B+C,6.8359375,2,724.5604248046875,0.5493262404642737,,0.45430464743728566,,,C:\Users\hafizna.fadhli\Downloads\36. DFR GANGGUAN UIT JBT\raw_data\UPT CIREBON\2024\02. FEBRUARI\15. RECLOSE BANJAR - PANGANDARAN 1 (24 FEB 2024)_PETIR\DFR Eksternal Bay Pangandaran 1\DFR Eksternal Pangandaran 1.cfg
230,UPT CIREBON,2024,02. FEBRUARI,15. RECLOSE BANJAR - PANGANDARAN 1 (24 FEB 2024)_PETIR,Saturday 24 February 2024 16.46.44.000.CFG,PETIR,PETIR (TRANSIEN),1.0,2,petir_decision_tree,"Classifier ML: probabilitas PETIR=100%  dur=80ms  fault_count=1  i0/i1=0.57  — gangguan transien, AR berhasil, tidak perlu crew lapangan.",PDRAN 1,Z3+Z2,three_pole,A+B+C,79.96797180175781,1,975.9730224609375,0.5662101436478344,,0.0013842554509058526,,,C:\Users\hafizna.fadhli\Downloads\36. DFR GANGGUAN UIT JBT\raw_data\UPT CIREBON\2024\02. FEBRUARI\15. RECLOSE BANJAR - PANGANDARAN 1 (24 FEB 2024)_PETIR\DFR Internal Bay Pangandaran 1\RECLOSE PDRN 1 240223\Saturday 24 February 2024 16.46.44.000.CFG
231,UPT CIREBON,2024,02. FEBRUARI,16. RECLOSE SUKSES SUTT 70 KV SUMADRA-PAMEUNGPEUK #1-2 (29 FEB 2024)_PETIR,Thursday 29 February 2024 15.07.20.000.CFG,PETIR,PETIR (TRANSIEN),1.0,2,petir_decision_tree,"Classifier ML: probabilitas PETIR=100%  dur=0ms  fault_count=1  i0/i1=0.01  — gangguan transien, AR berhasil, tidak perlu crew lapangan. | [CATATAN: Tipe proteksi tidak teridentifikasi dari sinyal digital — diklasifikasikan berdasarkan analisis gelombang arus/tegangan saja. Verifikasi manual diperlukan.]",SMDRA 1,UNKNOWN,unknown,C,0.0,1,146.38600158691406,0.006163222891483991,True,-0.009625653049871317,,,C:\Users\hafizna.fadhli\Downloads\36. DFR GANGGUAN UIT JBT\raw_data\UPT CIREBON\2024\02. FEBRUARI\16. RECLOSE SUKSES SUTT 70 KV SUMADRA-PAMEUNGPEUK #1-2 (29 FEB 2024)_PETIR\RELAY DISTANCE\GI PMPEK BAY SMDRA 1\Thursday 29 February 2024 15.07.20.000.CFG
232,UPT CIREBON,2024,02. FEBRUARI,16. RECLOSE SUKSES SUTT 70 KV SUMADRA-PAMEUNGPEUK #1-2 (29 FEB 2024)_PETIR,Thursday 29 February 2024 14.07.21.000.CFG,PETIR,PETIR (TRANSIEN),1.0,2,petir_decision_tree,"Classifier ML: probabilitas PETIR=100%  dur=88ms  fault_count=3  i0/i1=0.87  — gangguan transien, AR berhasil, tidak perlu crew lapangan.",PMPEK 1,Z1,single_pole,A,88.2979965209961,3,1016.416015625,0.8727279744246385,True,0.6681471656206777,,,C:\Users\hafizna.fadhli\Downloads\36. DFR GANGGUAN UIT JBT\raw_data\UPT CIREBON\2024\02. FEBRUARI\16. RECLOSE SUKSES SUTT 70 KV SUMADRA-PAMEUNGPEUK #1-2 (29 FEB 2024)_PETIR\RELAY DISTANCE\GI SMDRA BAY PMPEK 1\Thursday 29 February 2024 14.07.21.000.CFG
233,UPT CIREBON,2024,02. FEBRUARI,16. RECLOSE SUKSES SUTT 70 KV SUMADRA-PAMEUNGPEUK #1-2 (29 FEB 2024)_PETIR,Thursday 29 February 2024 14.26.34.001.CFG,PETIR,PETIR (TRANSIEN),1.0,2,petir_decision_tree,"Classifier ML: probabilitas PETIR=100%  dur=80ms  fault_count=2  i0/i1=0.87  — gangguan transien, AR berhasil, tidak perlu crew lapangan.",PMPEUK 2,Z1,single_pole,A,79.96800231933594,2,1005.3679809570312,0.8736130985077103,True,0.65457029934752,,,C:\Users\hafizna.fadhli\Downloads\36. DFR GANGGUAN UIT JBT\raw_data\UPT CIREBON\2024\02. FEBRUARI\16. RECLOSE SUKSES SUTT 70 KV SUMADRA-PAMEUNGPEUK #1-2 (29 FEB 2024)_PETIR\RELAY DISTANCE\GI SMDRA BAY PMPEK 2\Thursday 29 February 2024 14.26.34.001.CFG
234,UPT CIREBON,2024,03. MARET,01 - RECLOSE SUKSES SUTT 70 KV SUMADRA-PAMEUNGPEUK #2 (07 MARET 2024)_PETIR,ZQ1E.cfg,PETIR,NON-PETIR — PERLU INVESTIGASI,1.0,2,petir_decision_tree_non_petir,Classifier ML: bukan PETIR (prob non-PETIR=100%)  dur=107ms  fault_count=1  — penyebab spesifik belum dapat ditentukan (LAYANG/POHON/HEWAN/BENDA ASING butuh lebih banyak data latih). | [CATATAN: Tipe proteksi tidak teridentifikasi dari sinyal digital — diklasifikasikan berdasarkan analisis gelombang arus/tegangan saja. Verifikasi manual diperlukan.],GI SUMADRA,UNKNOWN,unknown,,107.44792175292969,1,245.57113647460938,1.8325929424177339,,-0.486294672095028,,,C:\Users\hafizna.fadhli\Downloads\36. DFR GANGGUAN UIT JBT\raw_data\UPT CIREBON\2024\03. MARET\01 - RECLOSE SUKSES SUTT 70 KV SUMADRA-PAMEUNGPEUK #2 (07 MARET 2024)_PETIR\DFR EKSTERNAL\ZQ1E.cfg
235,UPT CIREBON,2024,03. MARET,01 - RECLOSE SUKSES SUTT 70 KV SUMADRA-PAMEUNGPEUK #2 (07 MARET 2024)_PETIR,Thursday 07 March 2024 12.41.09.000.CFG,PETIR,PETIR (TRANSIEN),1.0,2,petir_decision_tree,"Classifier ML: probabilitas PETIR=100%  dur=80ms  fault_count=2  i0/i1=0.82  — gangguan transien, AR berhasil, tidak perlu crew lapangan.",PMPEUK 2,Z1,single_pole,A,79.96800231933594,2,1662.7239990234375,0.8242432614868159,True,0.503016931564004,,,C:\Users\hafizna.fadhli\Downloads\36. DFR GANGGUAN UIT JBT\raw_data\UPT CIREBON\2024\03. MARET\01 - RECLOSE SUKSES SUTT 70 KV SUMADRA-PAMEUNGPEUK #2 (07 MARET 2024)_PETIR\RELAY DISTANCE\GI SUMADRA BAY PMPEK #2\Thursday 07 March 2024 12.41.09.000.CFG
236,UPT CIREBON,2024,04. APRIL,06042024_GI KADIPATEN_BAY ARJAWIANGUN #1-2_PETIR,20240406_133827_729_r178.cfg,PETIR,PETIR (TRANSIEN),1.0,2,petir_decision_tree,"Classifier ML: probabilitas PETIR=100%  dur=80ms  fault_count=3  i0/i1=0.82  — gangguan transien, AR berhasil, tidak perlu crew lapangan.",KADIPATEN-1,Z1,single_pole,B,79.96797180175781,3,1070.718505859375,0.8191381458681147,,0.6239733079652254,,,C:\Users\hafizna.fadhli\Downloads\36. DFR GANGGUAN UIT JBT\raw_data\UPT CIREBON\2024\04. APRIL\06042024_GI KADIPATEN_BAY ARJAWIANGUN #1-2_PETIR\REKAMAN DFR\GI ARJAWINANGUN\PHT 1\KDPTN-1\20240406_133827_729_r178.cfg
237,UPT CIREBON,2024,04. APRIL,08042024_GI SUNYARAGI_BAY KUNINGAN#1_PETIR,20240408_191051_385_r114.cfg,PETIR,PETIR (TRANSIEN),1.0,2,petir_decision_tree,"Classifier ML: probabilitas PETIR=100%  dur=101ms  fault_count=2  i0/i1=0.25  — gangguan transien, AR berhasil, tidak perlu crew lapangan.",SUNYARAGI-1,Z1+Z2,three_pole,A+B+C,100.73006439208984,2,820.3570556640625,0.2474366542593921,,0.06795280894494689,,,C:\Users\hafizna.fadhli\Downloads\36. DFR GANGGUAN UIT JBT\raw_data\UPT CIREBON\2024\04. APRIL\08042024_GI SUNYARAGI_BAY KUNINGAN#1_PETIR\REKAMAN DFR\GI KUNINGAN\SRAGI-1 GI Kuningan\20240408_191051_385_r114.cfg
238,UPT CIREBON,2024,04. APRIL,10042024_GI BANJAR_BAY TRAFO 4_DISTRIBUSI PENYULANG,Wednesday 10 April 2024 19.45.48.000.CFG,,PETIR (TRANSIEN),1.0,2,petir_decision_tree,"Classifier ML: probabilitas PETIR=100%  dur=198ms  fault_count=1  i0/i1=0.01  — gangguan transien, AR berhasil, tidak perlu crew lapangan. | [CATATAN: Tipe proteksi tidak teridentifikasi dari sinyal digital — diklasifikasikan berdasarkan analisis gelombang arus/tegangan saja. Verifikasi manual diperlukan.]",GI Banjar,UNKNOWN,unknown,A+B+C,197.6830291748047,1,18013.763671875,0.006881912068150639,,0.6127906154555045,,,C:\Users\hafizna.fadhli\Downloads\36. DFR GANGGUAN UIT JBT\raw_data\UPT CIREBON\2024\04. APRIL\10042024_GI BANJAR_BAY TRAFO 4_DISTRIBUSI PENYULANG\Wednesday 10 April 2024 19.45.48.000.CFG
239,UPT CIREBON,2024,04. APRIL,25042024_GI SUMADRA_BAY PAMEUNGPEUK #1_PETIR,ZQ20.cfg,PETIR,PETIR (TRANSIEN),1.0,2,petir_decision_tree,"Classifier ML: probabilitas PETIR=100%  dur=74ms  fault_count=2  i0/i1=1.08  — gangguan transien, AR berhasil, tidak perlu crew lapangan. | [CATATAN: Tipe proteksi tidak teridentifikasi dari sinyal digital — diklasifikasikan berdasarkan analisis gelombang arus/tegangan saja. Verifikasi manual diperlukan.]",GI 70 KV PAMEUNGPEUK,UNKNOWN,unknown,B,74.42708587646484,2,1084.5699462890625,1.078818789582686,,0.13137883082215554,,,C:\Users\hafizna.fadhli\Downloads\36. DFR GANGGUAN UIT JBT\raw_data\UPT CIREBON\2024\04. APRIL\25042024_GI SUMADRA_BAY PAMEUNGPEUK #1_PETIR\DFR EKSTERNAL\GI PAMEUNGPEUK\ZQ20.cfg
240,UPT CIREBON,2024,04. APRIL,25042024_GI SUMADRA_BAY PAMEUNGPEUK #1_PETIR,ZQ1F.cfg,PETIR,NON-PETIR — PERLU INVESTIGASI,1.0,2,petir_decision_tree_non_petir,Classifier ML: bukan PETIR (prob non-PETIR=100%)  dur=116ms  fault_count=1  — penyebab spesifik belum dapat ditentukan (LAYANG/POHON/HEWAN/BENDA ASING butuh lebih banyak data latih). | [CATATAN: Tipe proteksi tidak teridentifikasi dari sinyal digital — diklasifikasikan berdasarkan analisis gelombang arus/tegangan saja. Verifikasi manual diperlukan.],GI SUMADRA,UNKNOWN,unknown,,115.78125762939453,1,2002.9801025390625,0.9725894901381049,,0.8104890739798476,,,C:\Users\hafizna.fadhli\Downloads\36. DFR GANGGUAN UIT JBT\raw_data\UPT CIREBON\2024\04. APRIL\25042024_GI SUMADRA_BAY PAMEUNGPEUK #1_PETIR\DFR EKSTERNAL\GI SUMADRA\ZQ1F.cfg
241,UPT CIREBON,2025,01.JANUARI,01. RECLOSE TASIKMALAYA - MALANGBONG 2 (7 JAN 2025)_PETIR,ZQ30.cfg,PETIR,PETIR (TRANSIEN),1.0,2,petir_decision_tree,"Classifier ML: probabilitas PETIR=100%  dur=86ms  fault_count=1  i0/i1=0.01  — gangguan transien, AR berhasil, tidak perlu crew lapangan. | [CATATAN: Tipe proteksi tidak teridentifikasi dari sinyal digital — diklasifikasikan berdasarkan analisis gelombang arus/tegangan saja. Verifikasi manual diperlukan.]",GI MALANGBONG,UNKNOWN,three_pole,A+B+C,85.7291259765625,1,1926.0718994140625,0.012995578200963106,,0.2935793634405648,,,C:\Users\hafizna.fadhli\Downloads\36. DFR GANGGUAN UIT JBT\raw_data\UPT CIREBON\2025\01.JANUARI\01. RECLOSE TASIKMALAYA - MALANGBONG 2 (7 JAN 2025)_PETIR\DFR Eksternal\Tasikmalaya 2\ZQ30.cfg
242,UPT CIREBON,2025,01.JANUARI,01. RECLOSE TASIKMALAYA - MALANGBONG 2 (7 JAN 2025)_PETIR,Tuesday 07 January 2025 12.39.23.002.CFG,PETIR,PETIR (TRANSIEN),1.0,2,petir_decision_tree,"Classifier ML: probabilitas PETIR=100%  dur=101ms  fault_count=1  i0/i1=0.25  — gangguan transien, AR berhasil, tidak perlu crew lapangan.",TASIK 2,UNKNOWN,three_pole,A+B+C,100.56900024414062,1,2164.0419921875,0.24865011205974535,,0.7267424409942177,,,C:\Users\hafizna.fadhli\Downloads\36. DFR GANGGUAN UIT JBT\raw_data\UPT CIREBON\2025\01.JANUARI\01. RECLOSE TASIKMALAYA - MALANGBONG 2 (7 JAN 2025)_PETIR\Distance Tasikmalaya 2\Tuesday 07 January 2025 12.39.23.002.CFG
243,UPT CIREBON,2025,01.JANUARI,02. RECLOSE BANJAR - PANGANDARAN 1-2 (14 JAN 20245)_PETIR,ZQ124.cfg,PETIR,PETIR (TRANSIEN),1.0,2,petir_decision_tree,"Classifier ML: probabilitas PETIR=100%  dur=34ms  fault_count=7  i0/i1=1.07  — gangguan transien, AR berhasil, tidak perlu crew lapangan. | [CATATAN: Tipe proteksi tidak teridentifikasi dari sinyal digital — diklasifikasikan berdasarkan analisis gelombang arus/tegangan saja. Verifikasi manual diperlukan.]",GI PDRAN,UNKNOWN,single_pole,B,34.166664123535156,7,1394.1881103515625,1.0741868761695903,,0.8012946783538532,,,C:\Users\hafizna.fadhli\Downloads\36. DFR GANGGUAN UIT JBT\raw_data\UPT CIREBON\2025\01.JANUARI\02. RECLOSE BANJAR - PANGANDARAN 1-2 (14 JAN 20245)_PETIR\DFR Eksternal\DFR Eksternal Bay Banjar\ZQ124.cfg
244,UPT CIREBON,2025,01.JANUARI,02. RECLOSE BANJAR - PANGANDARAN 1-2 (14 JAN 20245)_PETIR,DFR Eksternal Bay Pangandaran 1-2 rek 1.cfg,PETIR,NON-PETIR — PERLU INVESTIGASI,0.831,2,petir_decision_tree_non_petir,Classifier ML: bukan PETIR (prob non-PETIR=83%)  dur=75ms  fault_count=2  — penyebab spesifik belum dapat ditentukan (LAYANG/POHON/HEWAN/BENDA ASING butuh lebih banyak data latih). | [CATATAN: Tipe proteksi tidak teridentifikasi dari sinyal digital — diklasifikasikan berdasarkan analisis gelombang arus/tegangan saja. Verifikasi manual diperlukan.],GI BANJAR,UNKNOWN,unknown,A+B+C,75.0390853881836,2,2441.1842823028564,0.10491969818063568,,0.5731458488740369,,,C:\Users\hafizna.fadhli\Downloads\36. DFR GANGGUAN UIT JBT\raw_data\UPT CIREBON\2025\01.JANUARI\02. RECLOSE BANJAR - PANGANDARAN 1-2 (14 JAN 20245)_PETIR\DFR Eksternal\DFR Eksternal Bay Pangandaran\DFR Eksternal Bay Pangandaran 1-2 rek 1.cfg
245,UPT CIREBON,2025,01.JANUARI,02. RECLOSE BANJAR - PANGANDARAN 1-2 (14 JAN 20245)_PETIR,DFR Eksternal Bay Pangandaran 1-2 rek 2.cfg,PETIR,NON-PETIR — PERLU INVESTIGASI,0.831,2,petir_decision_tree_non_petir,Classifier ML: bukan PETIR (prob non-PETIR=83%)  dur=0ms  fault_count=1  — penyebab spesifik belum dapat ditentukan (LAYANG/POHON/HEWAN/BENDA ASING butuh lebih banyak data latih). | [CATATAN: Tipe proteksi tidak teridentifikasi dari sinyal digital — diklasifikasikan berdasarkan analisis gelombang arus/tegangan saja. Verifikasi manual diperlukan.],GI BANJAR,UNKNOWN,unknown,A+B+C,0.0,1,1254.4552087783813,0.0022919610420609206,,-838.4967185550368,,,C:\Users\hafizna.fadhli\Downloads\36. DFR GANGGUAN UIT JBT\raw_data\UPT CIREBON\2025\01.JANUARI\02. RECLOSE BANJAR - PANGANDARAN 1-2 (14 JAN 20245)_PETIR\DFR Eksternal\DFR Eksternal Bay Pangandaran\DFR Eksternal Bay Pangandaran 1-2 rek 2.cfg
246,UPT CIREBON,2025,01.JANUARI,02. RECLOSE BANJAR - PANGANDARAN 1-2 (14 JAN 20245)_PETIR,DFR Eksternal Bay Pangandaran 1-2 rek 3.cfg,PETIR,NON-PETIR — PERLU INVESTIGASI,0.831,2,petir_decision_tree_non_petir,Classifier ML: bukan PETIR (prob non-PETIR=83%)  dur=0ms  fault_count=2  — penyebab spesifik belum dapat ditentukan (LAYANG/POHON/HEWAN/BENDA ASING butuh lebih banyak data latih). | [CATATAN: Tipe proteksi tidak teridentifikasi dari sinyal digital — diklasifikasikan berdasarkan analisis gelombang arus/tegangan saja. Verifikasi manual diperlukan.],GI BANJAR,UNKNOWN,unknown,A+B,0.39064884185791016,2,232.71800231933594,0.007304706078637585,,0.019693126326722727,,,C:\Users\hafizna.fadhli\Downloads\36. DFR GANGGUAN UIT JBT\raw_data\UPT CIREBON\2025\01.JANUARI\02. RECLOSE BANJAR - PANGANDARAN 1-2 (14 JAN 20245)_PETIR\DFR Eksternal\DFR Eksternal Bay Pangandaran\DFR Eksternal Bay Pangandaran 1-2 rek 3.cfg
247,UPT CIREBON,2025,01.JANUARI,02. RECLOSE BANJAR - PANGANDARAN 1-2 (14 JAN 20245)_PETIR,Tuesday 14 January 2025 14.50.53.000.CFG,PETIR,PETIR (TRANSIEN),1.0,2,petir_decision_tree,"Classifier ML: probabilitas PETIR=100%  dur=80ms  fault_count=4  i0/i1=1.08  — gangguan transien, AR berhasil, tidak perlu crew lapangan.",BNJAR 1,Z1,single_pole,B,79.96797180175781,4,1348.7979736328125,1.0803792390496152,True,0.9300903543884874,,,C:\Users\hafizna.fadhli\Downloads\36. DFR GANGGUAN UIT JBT\raw_data\UPT CIREBON\2025\01.JANUARI\02. RECLOSE BANJAR - PANGANDARAN 1-2 (14 JAN 20245)_PETIR\DFR Rele Bay Banjar 1\Tuesday 14 January 2025 14.50.53.000.CFG
248,UPT CIREBON,2025,01.JANUARI,02. RECLOSE BANJAR - PANGANDARAN 1-2 (14 JAN 20245)_PETIR,Tuesday 14 January 2025 15.44.39.000.CFG,PETIR,PETIR (TRANSIEN),1.0,2,petir_decision_tree,"Classifier ML: probabilitas PETIR=100%  dur=98ms  fault_count=1  i0/i1=0.10  — gangguan transien, AR berhasil, tidak perlu crew lapangan.",PDRAN 1,Z1,three_pole,A+B+C,98.29402160644531,1,2016.5689697265625,0.09890106744152813,,0.36786815698459935,,,C:\Users\hafizna.fadhli\Downloads\36. DFR GANGGUAN UIT JBT\raw_data\UPT CIREBON\2025\01.JANUARI\02. RECLOSE BANJAR - PANGANDARAN 1-2 (14 JAN 20245)_PETIR\DFR Rele Bay Pangandaran 1\Tuesday 14 January 2025 15.44.39.000.CFG
249,UPT CIREBON,2025,01.JANUARI,02. RECLOSE BANJAR - PANGANDARAN 1-2 (14 JAN 20245)_PETIR,Tuesday 14 January 2025 15.47.05.000.CFG,PETIR,PETIR (TRANSIEN),1.0,2,petir_decision_tree,"Classifier ML: probabilitas PETIR=100%  dur=80ms  fault_count=1  i0/i1=0.29  — gangguan transien, AR berhasil, tidak perlu crew lapangan.",PANGANDARAN 2,Z3+Z2,three_pole,A+B+C,79.96803283691406,1,835.1279907226562,0.28956545130121686,,0.016532735246862065,,,C:\Users\hafizna.fadhli\Downloads\36. DFR GANGGUAN UIT JBT\raw_data\UPT CIREBON\2025\01.JANUARI\02. RECLOSE BANJAR - PANGANDARAN 1-2 (14 JAN 20245)_PETIR\DFR Rele Bay Pangandaran 2\Tuesday 14 January 2025 15.47.05.000.CFG
250,UPT CIREBON,2025,01.JANUARI,03. RECLOSE SUTET MDCAN-IDMYU 1 (15 JAN 2025)_PETIR,"250115,143941520,+7h0,GITET MANDIRANCAN,INDRAMAYU 1-2,Qualitrol LLC.cfg",PETIR,PETIR (TRANSIEN),1.0,2,petir_decision_tree,"Classifier ML: probabilitas PETIR=100%  dur=80ms  fault_count=2  i0/i1=1.01  — gangguan transien, AR berhasil, tidak perlu crew lapangan.",GITET MANDIRANCAN,UNKNOWN,unknown,,80.0,2,18019.27947998047,1.0072321305577363,,0.504564952989566,,,"C:\Users\hafizna.fadhli\Downloads\36. DFR GANGGUAN UIT JBT\raw_data\UPT CIREBON\2025\01.JANUARI\03. RECLOSE SUTET MDCAN-IDMYU 1 (15 JAN 2025)_PETIR\GITET MDCAN\IDMYU-1\250115,143941520,+7h0,GITET MANDIRANCAN,INDRAMAYU 1-2,Qualitrol LLC.cfg"
251,UPT CIREBON,2025,01.JANUARI,05. RECLOSE SUKSES SUTT 150 KV DARAJAT-KAMOJANG #1 (26 JAN 2025)_PETIR,ZQ29.cfg,PETIR,PETIR (TRANSIEN),1.0,2,petir_decision_tree,"Classifier ML: probabilitas PETIR=100%  dur=99ms  fault_count=1  i0/i1=0.83  — gangguan transien, AR berhasil, tidak perlu crew lapangan. | [CATATAN: Tipe proteksi tidak teridentifikasi dari sinyal digital — diklasifikasikan berdasarkan analisis gelombang arus/tegangan saja. Verifikasi manual diperlukan.]",GI 150 KV KAMOJANG,UNKNOWN,unknown,,99.06243896484375,1,10400.1318359375,0.834885883656065,,0.2317133749082114,,,C:\Users\hafizna.fadhli\Downloads\36. DFR GANGGUAN UIT JBT\raw_data\UPT CIREBON\2025\01.JANUARI\05. RECLOSE SUKSES SUTT 150 KV DARAJAT-KAMOJANG #1 (26 JAN 2025)_PETIR\DFR EKSTERNAL\ZQ29.cfg
252,UPT CIREBON,2025,01.JANUARI,05. RECLOSE SUKSES SUTT 150 KV DARAJAT-KAMOJANG #1 (26 JAN 2025)_PETIR,Sunday 26 January 2025 15.00.24.000.CFG,PETIR,NON-PETIR — PERLU INVESTIGASI,0.907,2,petir_decision_tree_non_petir,Classifier ML: bukan PETIR (prob non-PETIR=91%)  dur=80ms  fault_count=1  — penyebab spesifik belum dapat ditentukan (LAYANG/POHON/HEWAN/BENDA ASING butuh lebih banyak data latih).,KMJNG 1,UNKNOWN,three_pole,A+B+C,79.96797180175781,1,7683.2861328125,1.2207289423985204,,0.6746195451188688,,,C:\Users\hafizna.fadhli\Downloads\36. DFR GANGGUAN UIT JBT\raw_data\UPT CIREBON\2025\01.JANUARI\05. RECLOSE SUKSES SUTT 150 KV DARAJAT-KAMOJANG #1 (26 JAN 2025)_PETIR\RELAY DISTANCE\GI DARAJAT BAY KAMOJANG #1\Sunday 26 January 2025 15.00.24.000.CFG
255,UPT CIREBON,2025,02.FEBRUARI,07. RECLOSE SUTT 70KV BANJAR - PANGANDARAN #2 (25 FEB 2025)_PETIR,"250225,094405560,+7h0,GI BANJAR,PANGANDARAN 1-2,Qualitrol LLC.cfg",PETIR,NON-PETIR — PERLU INVESTIGASI,1.0,2,petir_decision_tree_non_petir,Classifier ML: bukan PETIR (prob non-PETIR=100%)  dur=4ms  fault_count=2  — penyebab spesifik belum dapat ditentukan (LAYANG/POHON/HEWAN/BENDA ASING butuh lebih banyak data latih). | [CATATAN: Tipe proteksi tidak teridentifikasi dari sinyal digital — diklasifikasikan berdasarkan analisis gelombang arus/tegangan saja. Verifikasi manual diperlukan.],GI BANJAR,UNKNOWN,unknown,A+B+C,4.296869277954102,2,623.2310180664062,0.7086853615492336,,0.48576336214298815,,,"C:\Users\hafizna.fadhli\Downloads\36. DFR GANGGUAN UIT JBT\raw_data\UPT CIREBON\2025\02.FEBRUARI\07. RECLOSE SUTT 70KV BANJAR - PANGANDARAN #2 (25 FEB 2025)_PETIR\DFR Ekternal Bay PDRAN\250225,094405560,+7h0,GI BANJAR,PANGANDARAN 1-2,Qualitrol LLC.cfg"
256,UPT CIREBON,2025,03. MARET,01. RECLOSE SUKSES SUTET 500KV TASIK-BDSLN (06 MARET 2025)_PETIR,Main A 05032025.CFG,PETIR,PETIR (TRANSIEN),1.0,2,petir_decision_tree,"Classifier ML: probabilitas PETIR=100%  dur=529ms  fault_count=1  i0/i1=1.03  — gangguan transien, AR berhasil, tidak perlu crew lapangan.",GITET Bandung Selatan,Z1,single_pole,A,529.0000610351562,1,5.01472806930542,1.0303322972630948,,0.6116773687090495,,,C:\Users\hafizna.fadhli\Downloads\36. DFR GANGGUAN UIT JBT\raw_data\UPT CIREBON\2025\03. MARET\01. RECLOSE SUKSES SUTET 500KV TASIK-BDSLN (06 MARET 2025)_PETIR\RELAY LCD\GITET TASIK BAY BANSEL\Reclose bansel Main A 06032025\Main A 05032025.CFG
257,UPT CIREBON,2025,03. MARET,02. RECLOSE SUKSES SUTT 150 KV DARAJAT-GARUT #1 (9 MARET 2025)_BENDA LAIN_LAYANG-LAYANG,ZQ33.cfg,LAYANG-LAYANG,PETIR (TRANSIEN),1.0,2,petir_decision_tree,"Classifier ML: probabilitas PETIR=100%  dur=320ms  fault_count=1  i0/i1=0.99  — gangguan transien, AR berhasil, tidak perlu crew lapangan. | [CATATAN: Tipe proteksi tidak teridentifikasi dari sinyal digital — diklasifikasikan berdasarkan analisis gelombang arus/tegangan saja. Verifikasi manual diperlukan.]",GI 150 KV GARUT,UNKNOWN,unknown,B,320.2604064941406,1,9885.6845703125,0.9852800514691492,,0.7660293539469104,,,C:\Users\hafizna.fadhli\Downloads\36. DFR GANGGUAN UIT JBT\raw_data\UPT CIREBON\2025\03. MARET\02. RECLOSE SUKSES SUTT 150 KV DARAJAT-GARUT #1 (9 MARET 2025)_BENDA LAIN_LAYANG-LAYANG\DFR EKSTERNAL\ZQ33.cfg
258,UPT CIREBON,2025,03. MARET,04. RECLOSE SUTT TASIKMALAYA - MALANGBONG #1 (15 MARET 2025)_PETIR,"250315,073129487,+7h0,GI TASIK LAMA,MLBNG 1-2,Qualitrol LLC.cfg",PETIR,PETIR (TRANSIEN),1.0,2,petir_decision_tree,"Classifier ML: probabilitas PETIR=100%  dur=0ms  fault_count=1  i0/i1=1.01  — gangguan transien, AR berhasil, tidak perlu crew lapangan. | [CATATAN: Tipe proteksi tidak teridentifikasi dari sinyal digital — diklasifikasikan berdasarkan analisis gelombang arus/tegangan saja. Verifikasi manual diperlukan.]",GI TASIK LAMA,UNKNOWN,unknown,,0.0,1,6724.790573120117,1.0113240626424196,,-2.359163691770186,,,"C:\Users\hafizna.fadhli\Downloads\36. DFR GANGGUAN UIT JBT\raw_data\UPT CIREBON\2025\03. MARET\04. RECLOSE SUTT TASIKMALAYA - MALANGBONG #1 (15 MARET 2025)_PETIR\DFR Eksternal\250315,073129487,+7h0,GI TASIK LAMA,MLBNG 1-2,Qualitrol LLC.cfg"
259,UPT CIREBON,2025,03. MARET,04. RECLOSE SUTT TASIKMALAYA - MALANGBONG #1 (15 MARET 2025)_PETIR,Saturday 15 March 2025 13.50.16.000.CFG,PETIR,PETIR (TRANSIEN),1.0,2,petir_decision_tree,"Classifier ML: probabilitas PETIR=100%  dur=98ms  fault_count=2  i0/i1=1.01  — gangguan transien, AR berhasil, tidak perlu crew lapangan.",TSMYA 1,Z1,single_pole,C,98.29402160644531,2,1070.4219970703125,1.0083298411705475,True,0.042812448946830554,,,C:\Users\hafizna.fadhli\Downloads\36. DFR GANGGUAN UIT JBT\raw_data\UPT CIREBON\2025\03. MARET\04. RECLOSE SUTT TASIKMALAYA - MALANGBONG #1 (15 MARET 2025)_PETIR\GI Malangbong\Saturday 15 March 2025 13.50.16.000.CFG
260,UPT CIREBON,2025,03. MARET,04. RECLOSE SUTT TASIKMALAYA - MALANGBONG #1 (15 MARET 2025)_PETIR,Monday 31 January 1994 05.19.17.000.CFG,PETIR,PETIR (TRANSIEN),1.0,2,petir_decision_tree,"Classifier ML: probabilitas PETIR=100%  dur=80ms  fault_count=1  i0/i1=0.75  — gangguan transien, AR berhasil, tidak perlu crew lapangan.",MLBNG 1,Z1,single_pole,C,79.96797180175781,1,2419.219970703125,0.7469103321295116,,0.6748690818104356,,,C:\Users\hafizna.fadhli\Downloads\36. DFR GANGGUAN UIT JBT\raw_data\UPT CIREBON\2025\03. MARET\04. RECLOSE SUTT TASIKMALAYA - MALANGBONG #1 (15 MARET 2025)_PETIR\GI Tasikmalaya\Monday 31 January 1994 05.19.17.000.CFG
261,UPT CIREBON,2025,03. MARET,05. FINAL TRIP SRAGI-ARJWN 2 ( 31 MARET 2025)_RANTING POHON,20250331_143255_058_r150.cfg,POHON,GANGGUAN PERMANEN,0.75,1,three_pole_failed_reclose,"trip_type=three_pole, reclose_successful=False - gangguan permanen 3-fasa, AR gagal. Diduga kerusakan mekanik/konduktor, perlu investigasi lapangan.",SUNYARAGI-2,Z1+Z3+Z2,three_pole,A+B+C,1279.4739990234375,4,1882.7359619140625,1.1890307508524685,False,0.10395041733517238,,,C:\Users\hafizna.fadhli\Downloads\36. DFR GANGGUAN UIT JBT\raw_data\UPT CIREBON\2025\03. MARET\05. FINAL TRIP SRAGI-ARJWN 2 ( 31 MARET 2025)_RANTING POHON\GI ARJWN\GI Arjawinangun\20250331_143255_058_r150.cfg
263,UPT CIREBON,2025,04. APRIL,02. RECLOSE PRKAN-SMDG 2 (4 APRIL 2025)_PETIR,Friday 04 April 2025 15.25.23.000.CFG,PETIR,PETIR (TRANSIEN),1.0,2,petir_decision_tree,"Classifier ML: probabilitas PETIR=100%  dur=80ms  fault_count=2  i0/i1=1.02  — gangguan transien, AR berhasil, tidak perlu crew lapangan.",SUMEDANG-2,Z1,single_pole,B,79.87213134765625,2,1241.51904296875,1.0236102893491104,,0.7880892652663581,,,C:\Users\hafizna.fadhli\Downloads\36. DFR GANGGUAN UIT JBT\raw_data\UPT CIREBON\2025\04. APRIL\02. RECLOSE PRKAN-SMDG 2 (4 APRIL 2025)_PETIR\GI PARAKAN\Friday 04 April 2025 15.25.23.000.CFG
264,UPT CIREBON,2025,04. APRIL,02. RECLOSE PRKAN-SMDG 2 (4 APRIL 2025)_PETIR,RIO GI PRKAN.cfg,PETIR,PETIR (TRANSIEN),1.0,2,petir_decision_tree,"Classifier ML: probabilitas PETIR=100%  dur=80ms  fault_count=2  i0/i1=1.02  — gangguan transien, AR berhasil, tidak perlu crew lapangan.",SUMEDANG-2,Z1,single_pole,B,79.87213134765625,2,1241.51904296875,1.0236102893491104,,0.7880892652663581,,,C:\Users\hafizna.fadhli\Downloads\36. DFR GANGGUAN UIT JBT\raw_data\UPT CIREBON\2025\04. APRIL\02. RECLOSE PRKAN-SMDG 2 (4 APRIL 2025)_PETIR\GI PARAKAN\RIO GI PRKAN\RIO GI PRKAN.cfg
265,UPT CIREBON,2025,04. APRIL,02. RECLOSE PRKAN-SMDG 2 (4 APRIL 2025)_PETIR,20250404_142133_423_r091.cfg,PETIR,PETIR (TRANSIEN),1.0,2,petir_decision_tree,"Classifier ML: probabilitas PETIR=100%  dur=80ms  fault_count=2  i0/i1=1.00  — gangguan transien, AR berhasil, tidak perlu crew lapangan.",GI SUMEDANG,Z1,single_pole,B,79.87200927734375,2,1323.2049560546875,1.0025828507551795,True,0.6856587811413217,,,C:\Users\hafizna.fadhli\Downloads\36. DFR GANGGUAN UIT JBT\raw_data\UPT CIREBON\2025\04. APRIL\02. RECLOSE PRKAN-SMDG 2 (4 APRIL 2025)_PETIR\GI SUMEDANG\04042025 ggn smd-prkn #2\20250404_142133_423_r091.cfg
266,UPT CIREBON,2025,04. APRIL,05. RECLOSE SUTET INDRAMAYU-DELTAMAS#1 (12 APRIL 2025)_PETIR,"250412,074521545,+7h0,GITET 500KV INDRAMAYU,DELTAMAS 1-2,Qualitrol LLC.cfg",PETIR,PETIR (TRANSIEN),1.0,2,petir_decision_tree,"Classifier ML: probabilitas PETIR=100%  dur=151ms  fault_count=1  i0/i1=0.49  — gangguan transien, AR berhasil, tidak perlu crew lapangan. | [CATATAN: Tipe proteksi tidak teridentifikasi dari sinyal digital — diklasifikasikan berdasarkan analisis gelombang arus/tegangan saja. Verifikasi manual diperlukan.]",GITET 500KV INDRAMAYU,UNKNOWN,unknown,,150.5078125,1,4520.0703125,0.48707277179106706,,0.6357610762999053,,,"C:\Users\hafizna.fadhli\Downloads\36. DFR GANGGUAN UIT JBT\raw_data\UPT CIREBON\2025\04. APRIL\05. RECLOSE SUTET INDRAMAYU-DELTAMAS#1 (12 APRIL 2025)_PETIR\DFR EKSTERNAL\250412,074521545,+7h0,GITET 500KV INDRAMAYU,DELTAMAS 1-2,Qualitrol LLC.cfg"
267,UPT CIREBON,2025,04. APRIL,06. RECLOSE KDPTN-ARJWN 2 (18 APRIL 2025)_PETIR,20250418_110258_151_r197.cfg,PETIR,PETIR (TRANSIEN),1.0,2,petir_decision_tree,"Classifier ML: probabilitas PETIR=100%  dur=80ms  fault_count=3  i0/i1=0.87  — gangguan transien, AR berhasil, tidak perlu crew lapangan.",KADIPATEN-2,Z1,single_pole,B,79.96797180175781,3,1428.7296142578125,0.8739518500018532,,0.5639889023422456,,,C:\Users\hafizna.fadhli\Downloads\36. DFR GANGGUAN UIT JBT\raw_data\UPT CIREBON\2025\04. APRIL\06. RECLOSE KDPTN-ARJWN 2 (18 APRIL 2025)_PETIR\GI ARJWN\20250418_110258_151_r197.cfg
268,UPT CIREBON,2025,04. APRIL,06. RECLOSE KDPTN-ARJWN 2 (18 APRIL 2025)_PETIR,20250418_175051_488_r210.cfg,PETIR,PETIR (TRANSIEN),1.0,2,petir_decision_tree,"Classifier ML: probabilitas PETIR=100%  dur=80ms  fault_count=2  i0/i1=1.57  — gangguan transien, AR berhasil, tidak perlu crew lapangan.",ARJAWINANGUN-2,Z1,single_pole,B,79.96797180175781,2,447.513916015625,1.5734622568749506,,0.8919445171975015,,,C:\Users\hafizna.fadhli\Downloads\36. DFR GANGGUAN UIT JBT\raw_data\UPT CIREBON\2025\04. APRIL\06. RECLOSE KDPTN-ARJWN 2 (18 APRIL 2025)_PETIR\GI KDPTN\20250418_175051_488_r210.cfg
271,UPT CIREBON,2025,05. MEI,01. RECLOSE JATIBARANG-INDRAMAYU #1 (18 MEI 2025)_PETIR,"250518,155149390,+7h0,GI JATIBARANG 70 kV,INDRAMAYU 1-2,Qualitrol LLC.cfg",PETIR,PETIR (TRANSIEN),1.0,2,petir_decision_tree,"Classifier ML: probabilitas PETIR=100%  dur=0ms  fault_count=1  i0/i1=0.75  — gangguan transien, AR berhasil, tidak perlu crew lapangan. | [CATATAN: Tipe proteksi tidak teridentifikasi dari sinyal digital — diklasifikasikan berdasarkan analisis gelombang arus/tegangan saja. Verifikasi manual diperlukan.]",GI JATIBARANG 70 kV,UNKNOWN,unknown,,0.0,1,1236.0222339630127,0.7452920170077707,,0.005613909949683282,,,"C:\Users\hafizna.fadhli\Downloads\36. DFR GANGGUAN UIT JBT\raw_data\UPT CIREBON\2025\05. MEI\01. RECLOSE JATIBARANG-INDRAMAYU #1 (18 MEI 2025)_PETIR\EKSTERNAL\250518,155149390,+7h0,GI JATIBARANG 70 kV,INDRAMAYU 1-2,Qualitrol LLC.cfg"
272,UPT CIREBON,2025,05. MEI,01. RECLOSE JATIBARANG-INDRAMAYU #1 (18 MEI 2025)_PETIR,20250518_155149_642_r193.cfg,PETIR,PETIR (TRANSIEN),1.0,2,petir_decision_tree,"Classifier ML: probabilitas PETIR=100%  dur=100ms  fault_count=2  i0/i1=0.61  — gangguan transien, AR berhasil, tidak perlu crew lapangan.",GI JATIBARANG,UNKNOWN,three_pole,A+B+C,100.01599884033203,2,1234.6788330078125,0.6091826955391165,True,0.011905871064714536,,,C:\Users\hafizna.fadhli\Downloads\36. DFR GANGGUAN UIT JBT\raw_data\UPT CIREBON\2025\05. MEI\01. RECLOSE JATIBARANG-INDRAMAYU #1 (18 MEI 2025)_PETIR\INTERNAL\GI JTBRG4\20250518_155149_642_r193.cfg
273,UPT CIREBON,2025,11. NOVEMBER,IDBRU-KSBRU #1 04112025,20251104_105015_652_r149.cfg,,PETIR (TRANSIEN),1.0,2,petir_decision_tree,"Classifier ML: probabilitas PETIR=100%  dur=100ms  fault_count=1  i0/i1=0.94  — gangguan transien, AR berhasil, tidak perlu crew lapangan.",IDBRU5,Z1,unknown,,100.34400177001953,1,9778.2939453125,0.9414382605703286,,0.18853848348104849,,,C:\Users\hafizna.fadhli\Downloads\36. DFR GANGGUAN UIT JBT\raw_data\UPT CIREBON\2025\11. NOVEMBER\IDBRU-KSBRU #1 04112025\Internal\20251104_105015_652_r149.cfg
274,UPT CIREBON,2025,11. NOVEMBER,IDMYU-MDCAN #1 07112025,"251107,130948150,+7h0,GITET 500KV INDRAMAYU,MANDIRANCAN 1-2,Qualitrol LLC.cfg",,PETIR (TRANSIEN),1.0,2,petir_decision_tree,"Classifier ML: probabilitas PETIR=100%  dur=102ms  fault_count=2  i0/i1=0.93  — gangguan transien, AR berhasil, tidak perlu crew lapangan. | [CATATAN: Tipe proteksi tidak teridentifikasi dari sinyal digital — diklasifikasikan berdasarkan analisis gelombang arus/tegangan saja. Verifikasi manual diperlukan.]",GITET 500KV INDRAMAYU,UNKNOWN,unknown,,102.5,2,13604.931640625,0.9274331843594931,,0.7074499795600092,,,"C:\Users\hafizna.fadhli\Downloads\36. DFR GANGGUAN UIT JBT\raw_data\UPT CIREBON\2025\11. NOVEMBER\IDMYU-MDCAN #1 07112025\Eksternal\251107,130948150,+7h0,GITET 500KV INDRAMAYU,MANDIRANCAN 1-2,Qualitrol LLC.cfg"
275,UPT CIREBON,2025,11. NOVEMBER,IDMYU-MDCAN #1 07112025,"251107,130948150,+7h0,GITET MANDIRANCAN,INDRAMAYU 1-2,Qualitrol LLC.cfg",,PETIR (TRANSIEN),1.0,2,petir_decision_tree,"Classifier ML: probabilitas PETIR=100%  dur=104ms  fault_count=2  i0/i1=0.96  — gangguan transien, AR berhasil, tidak perlu crew lapangan.",GITET MANDIRANCAN,UNKNOWN,unknown,,103.51561737060547,2,16965.748046875,0.9591411905902485,,0.2942887080371122,,,"C:\Users\hafizna.fadhli\Downloads\36. DFR GANGGUAN UIT JBT\raw_data\UPT CIREBON\2025\11. NOVEMBER\IDMYU-MDCAN #1 07112025\Eksternal\251107,130948150,+7h0,GITET MANDIRANCAN,INDRAMAYU 1-2,Qualitrol LLC.cfg"
277,UPT KARAWANG,2022,01. JANUARI,2022-01-17 PWKTA - SBANG,Monday 17 January 2022 19.46.28.000.CFG,,PETIR (TRANSIEN),1.0,2,petir_decision_tree,"Classifier ML: probabilitas PETIR=100%  dur=80ms  fault_count=2  i0/i1=0.62  — gangguan transien, AR berhasil, tidak perlu crew lapangan.",MiCOM,Z1+Z3+Z2,three_pole,A+B+C,80.06405639648438,2,1666.9420166015625,0.6162214481224215,True,0.014043000503678012,,,C:\Users\hafizna.fadhli\Downloads\36. DFR GANGGUAN UIT JBT\raw_data\UPT KARAWANG\2022\01. JANUARI\2022-01-17 PWKTA - SBANG\GI PURWAKARTA\SUBANG 1\19 46\Monday 17 January 2022 19.46.28.000.CFG
279,UPT KARAWANG,2022,01. JANUARI,2022-01-17 PWKTA - SBANG,Monday 17 January 2022 19.45.30.000.CFG,,PETIR (TRANSIEN),1.0,2,petir_decision_tree,"Classifier ML: probabilitas PETIR=100%  dur=80ms  fault_count=3  i0/i1=1.11  — gangguan transien, AR berhasil, tidak perlu crew lapangan.",BAY PURWAKARTA 2,Z1,three_pole,A+B+C,80.0638198852539,3,2038.1099853515625,1.1057468738632195,True,0.9383459653281492,,,C:\Users\hafizna.fadhli\Downloads\36. DFR GANGGUAN UIT JBT\raw_data\UPT KARAWANG\2022\01. JANUARI\2022-01-17 PWKTA - SBANG\GI SUBANG\P442_PWKTA2\1\DR\17 01 2022\Monday 17 January 2022 19.45.30.000.CFG
280,UPT KARAWANG,2022,01. JANUARI,2022-01-17 PWKTA - SBANG,Thursday 16 December 2021 14.40.59.000.CFG,,PETIR (TRANSIEN),1.0,2,petir_decision_tree,"Classifier ML: probabilitas PETIR=100%  dur=80ms  fault_count=1  i0/i1=0.01  — gangguan transien, AR berhasil, tidak perlu crew lapangan.",BAY PURWAKARTA 2,Z1,three_pole,A+B+C,79.96821594238281,1,1723.280029296875,0.006938272658762925,,0.6991141676924848,,,C:\Users\hafizna.fadhli\Downloads\36. DFR GANGGUAN UIT JBT\raw_data\UPT KARAWANG\2022\01. JANUARI\2022-01-17 PWKTA - SBANG\GI SUBANG\P442_PWKTA2\1\DR\Thursday 16 December 2021 14.40.59.000.CFG
281,UPT KARAWANG,2022,03. MARET,11032022 RECLOSE PWKTA IDRMA,Friday 11 March 2022 15.40.57.000.CFG,,PETIR (TRANSIEN),1.0,2,petir_decision_tree,"Classifier ML: probabilitas PETIR=100%  dur=80ms  fault_count=2  i0/i1=1.00  — gangguan transien, AR berhasil, tidak perlu crew lapangan.",MiCOM,Z1+Z2,three_pole,A+B+C,79.96797180175781,2,2251.863037109375,1.0005467855259096,True,0.011035539338857854,,,C:\Users\hafizna.fadhli\Downloads\36. DFR GANGGUAN UIT JBT\raw_data\UPT KARAWANG\2022\03. MARET\11032022 RECLOSE PWKTA IDRMA\DFR & EVENT\GGN PWKT 1 11 MARET 2022 GI IDRMA\Friday 11 March 2022 15.40.57.000.CFG
282,UPT KARAWANG,2022,03. MARET,11032022 RECLOSE PWKTA IDRMA,Friday 11 March 2022 15.48.53.000.CFG,,PETIR (TRANSIEN),1.0,2,petir_decision_tree,"Classifier ML: probabilitas PETIR=100%  dur=80ms  fault_count=2  i0/i1=0.91  — gangguan transien, AR berhasil, tidak perlu crew lapangan.",MiCOM,Z1,three_pole,A+B+C,79.96797180175781,2,2014.9119873046875,0.9149000572147553,True,0.7278701481742247,,,C:\Users\hafizna.fadhli\Downloads\36. DFR GANGGUAN UIT JBT\raw_data\UPT KARAWANG\2022\03. MARET\11032022 RECLOSE PWKTA IDRMA\DFR & EVENT\GI PWKTA BAY IDRMA 1\Friday 11 March 2022 15.48.53.000.CFG
284,UPT KARAWANG,2022,03. MARET,18032022 SUTET DELTAMAS CIRATA 2,AA1J1Q02A120220318191.cfg,,PETIR (TRANSIEN),1.0,2,petir_decision_tree,"Classifier ML: probabilitas PETIR=100%  dur=153ms  fault_count=1  i0/i1=0.85  — gangguan transien, AR berhasil, tidak perlu crew lapangan. | [CATATAN: Tipe proteksi tidak teridentifikasi dari sinyal digital — diklasifikasikan berdasarkan analisis gelombang arus/tegangan saja. Verifikasi manual diperlukan.]",GITET CIRATA,UNKNOWN,single_pole,C,153.0,1,24249.50390625,0.8490803233412104,,0.3412886309492731,,,C:\Users\hafizna.fadhli\Downloads\36. DFR GANGGUAN UIT JBT\raw_data\UPT KARAWANG\2022\03. MARET\18032022 SUTET DELTAMAS CIRATA 2\DELTAMAS 2 MAIN B ABB REL 670\AA1J1Q02A120220318191.cfg
285,UPT KARAWANG,2022,03. MARET,18032022 SUTET DELTAMAS CIRATA 2,AA1J1Q02A120220318192.cfg,,PETIR (TRANSIEN),1.0,2,petir_decision_tree,"Classifier ML: probabilitas PETIR=100%  dur=10ms  fault_count=1  i0/i1=0.13  — gangguan transien, AR berhasil, tidak perlu crew lapangan. | [CATATAN: Tipe proteksi tidak teridentifikasi dari sinyal digital — diklasifikasikan berdasarkan analisis gelombang arus/tegangan saja. Verifikasi manual diperlukan.]",GITET CIRATA,UNKNOWN,unknown,C,9.999990463256836,1,306.41534423828125,0.1331786348957789,,0.026208504660569232,,,C:\Users\hafizna.fadhli\Downloads\36. DFR GANGGUAN UIT JBT\raw_data\UPT KARAWANG\2022\03. MARET\18032022 SUTET DELTAMAS CIRATA 2\DELTAMAS 2 MAIN B ABB REL 670\AA1J1Q02A120220318192.cfg
287,UPT KARAWANG,2022,04. APRIL,03032022 14.33 IDRMA INDACHI TRIP,03042022 GI INDORAMA - INDACHI.cfg,,PETIR (TRANSIEN),1.0,2,petir_decision_tree,"Classifier ML: probabilitas PETIR=100%  dur=100ms  fault_count=1  i0/i1=0.98  — gangguan transien, AR berhasil, tidak perlu crew lapangan.",GI IDRMA   INDACHI   7SA522 V4.3 Var,UNKNOWN,three_pole,B+A+C,99.99999237060547,1,25.667673110961914,0.9783353092883891,,0.8066900413902106,,,C:\Users\hafizna.fadhli\Downloads\36. DFR GANGGUAN UIT JBT\raw_data\UPT KARAWANG\2022\04. APRIL\03032022 14.33 IDRMA INDACHI TRIP\DFR GANGGUAN 03042022 BAY INDACHI GI INDORAMA\03042022 GI INDORAMA - INDACHI.cfg
288,UPT KARAWANG,2022,04. APRIL,03042022 14.49 PURWAKARTA SUBANG RECLOSE,Sunday 03 April 2022 15.48.07.000.CFG,,PETIR (TRANSIEN),1.0,2,petir_decision_tree,"Classifier ML: probabilitas PETIR=100%  dur=80ms  fault_count=2  i0/i1=1.41  — gangguan transien, AR berhasil, tidak perlu crew lapangan.",BAY PURWAKARTA 2,Z1,three_pole,A+B+C,79.96803283691406,2,1214.5810546875,1.4129979191746618,True,0.04215848914999081,,,C:\Users\hafizna.fadhli\Downloads\36. DFR GANGGUAN UIT JBT\raw_data\UPT KARAWANG\2022\04. APRIL\03042022 14.49 PURWAKARTA SUBANG RECLOSE\GI SBANG BAY PWKTA 2\Sunday 03 April 2022 15.48.07.000.CFG
289,UPT KARAWANG,2022,04. APRIL,06042022 15.58 INDOBHARAT KOSAMBI BARU RECLOSE,Wednesday 06 April 2022 15.31.53.000.CFG,,PETIR (TRANSIEN),1.0,2,petir_decision_tree,"Classifier ML: probabilitas PETIR=100%  dur=90ms  fault_count=1  i0/i1=0.98  — gangguan transien, AR berhasil, tidak perlu crew lapangan.",Indobarat,Z1,three_pole,A+B+C,89.96403503417969,1,753.1680297851562,0.9834913211631506,,0.8921923397086206,,,C:\Users\hafizna.fadhli\Downloads\36. DFR GANGGUAN UIT JBT\raw_data\UPT KARAWANG\2022\04. APRIL\06042022 15.58 INDOBHARAT KOSAMBI BARU RECLOSE\BAY IDBRT GI KSBRU\Wednesday 06 April 2022 15.31.53.000.CFG
290,UPT KARAWANG,2022,04. APRIL,06042022 15.58 INDOBHARAT KOSAMBI BARU RECLOSE,Wednesday 06 April 2022 16.57.28.000.CFG,,PETIR (TRANSIEN),1.0,2,petir_decision_tree,"Classifier ML: probabilitas PETIR=100%  dur=80ms  fault_count=2  i0/i1=1.01  — gangguan transien, AR berhasil, tidak perlu crew lapangan.",BAY KOSAMBI BARU,Z1,single_pole,C,79.96797180175781,2,1646.1519775390625,1.0125409408365955,True,0.8972417062246559,,,C:\Users\hafizna.fadhli\Downloads\36. DFR GANGGUAN UIT JBT\raw_data\UPT KARAWANG\2022\04. APRIL\06042022 15.58 INDOBHARAT KOSAMBI BARU RECLOSE\BAY KSBRU GI IDBRT\Wednesday 06 April 2022 16.57.28.000.CFG
291,UPT KARAWANG,2022,04. APRIL,22042022 TATAJABAR BAY KOSAMBI BARU 1 RECLOSE,disturbance 1- TTJBR-KSBRU 1.cfg,,PETIR (TRANSIEN),1.0,2,petir_decision_tree,"Classifier ML: probabilitas PETIR=100%  dur=110ms  fault_count=1  i0/i1=1.34  — gangguan transien, AR berhasil, tidak perlu crew lapangan.",TTJBR-KSBRU 1   Folder   7SA522 V4.7 Var,UNKNOWN,three_pole,B+A+C,110.00001525878906,1,8.635392189025879,1.341191506616521,,0.7865174008131083,,,C:\Users\hafizna.fadhli\Downloads\36. DFR GANGGUAN UIT JBT\raw_data\UPT KARAWANG\2022\04. APRIL\22042022 TATAJABAR BAY KOSAMBI BARU 1 RECLOSE\DISTANCE TATAJABAR-KSBRU 1\disturbance 1- TTJBR-KSBRU 1.cfg
292,UPT KARAWANG,2022,06. JUNI,09062022 GI PABUARAN BAY KAPASITOR TRIP BENDA ASING,PCS9611_RCD_00043_20220609_085933_684.CFG,BENDA ASING,PETIR (TRANSIEN),1.0,2,petir_decision_tree,"Classifier ML: probabilitas PETIR=100%  dur=34ms  fault_count=1  i0/i1=0.00  — gangguan transien, AR berhasil, tidak perlu crew lapangan. | [CATATAN: Tipe proteksi tidak teridentifikasi dari sinyal digital — diklasifikasikan berdasarkan analisis gelombang arus/tegangan saja. Verifikasi manual diperlukan.]",Station,UNKNOWN,unknown,,34.166664123535156,1,0.018384775146842003,0.0,,0.32034009253646756,,,C:\Users\hafizna.fadhli\Downloads\36. DFR GANGGUAN UIT JBT\raw_data\UPT KARAWANG\2022\06. JUNI\09062022 GI PABUARAN BAY KAPASITOR TRIP BENDA ASING\PCS9611_RCD_00043_20220609_085933_684.CFG
293,UPT KARAWANG,2022,07. JULI,09072022 TATAJABAR JATILUHUR 2 FINAL TRIP KARNA APP,disturb 1.cfg,,PETIR (TRANSIEN),1.0,2,petir_decision_tree,"Classifier ML: probabilitas PETIR=100%  dur=114ms  fault_count=1  i0/i1=0.71  — gangguan transien, AR berhasil, tidak perlu crew lapangan.",Trip JTLHR 2 09072022   Folder   7SA522 V4.7 Var,UNKNOWN,single_pole,A,113.99999237060547,1,5.405183792114258,0.7128181307873197,,0.47778348050963265,,,C:\Users\hafizna.fadhli\Downloads\36. DFR GANGGUAN UIT JBT\raw_data\UPT KARAWANG\2022\07. JULI\09072022 TATAJABAR JATILUHUR 2 FINAL TRIP KARNA APP\disturb 1.cfg
294,UPT KARAWANG,2022,07. JULI,09072022 TATAJABAR JATILUHUR 2 FINAL TRIP KARNA APP,disturb 2.cfg,,PETIR (TRANSIEN),1.0,2,petir_decision_tree,"Classifier ML: probabilitas PETIR=100%  dur=114ms  fault_count=1  i0/i1=0.72  — gangguan transien, AR berhasil, tidak perlu crew lapangan.",Trip JTLHR 2 09072022   Folder   7SA522 V4.7 Var,UNKNOWN,three_pole,A+B+C,113.99999237060547,1,5.303808212280273,0.7219053057991353,True,0.08605403796943935,,,C:\Users\hafizna.fadhli\Downloads\36. DFR GANGGUAN UIT JBT\raw_data\UPT KARAWANG\2022\07. JULI\09072022 TATAJABAR JATILUHUR 2 FINAL TRIP KARNA APP\disturb 2.cfg
296,UPT KARAWANG,2022,10.  OKTOBER,Gangguan GISTET Sukatani OHL 2 Cilamaya 13 Oktober 2022,PCS900_RCD_01096_20221013_153156_329.CFG,,PETIR (TRANSIEN),1.0,2,petir_decision_tree,"Classifier ML: probabilitas PETIR=100%  dur=63ms  fault_count=1  i0/i1=0.91  — gangguan transien, AR berhasil, tidak perlu crew lapangan.",NR,UNKNOWN,single_pole,C,63.33333206176758,1,52897.90625,0.91489893522184,,0.9419987898532869,,,C:\Users\hafizna.fadhli\Downloads\36. DFR GANGGUAN UIT JBT\raw_data\UPT KARAWANG\2022\10.  OKTOBER\Gangguan GISTET Sukatani OHL 2 Cilamaya 13 Oktober 2022\PCS-931\PCS900_RCD_01096_20221013_153156_329.CFG
299,UPT KARAWANG,2023,04 APRIL,07042023 PWKTA-KSBRU RECLOSE SUKSES,Friday 07 April 2023 22.39.46.000.CFG,,PETIR (TRANSIEN),1.0,2,petir_decision_tree,"Classifier ML: probabilitas PETIR=100%  dur=80ms  fault_count=2  i0/i1=0.93  — gangguan transien, AR berhasil, tidak perlu crew lapangan.",MiCOM,Z1,single_pole,B,80.0639419555664,2,2355.986083984375,0.9264021464753254,True,0.6959221396367745,,,C:\Users\hafizna.fadhli\Downloads\36. DFR GANGGUAN UIT JBT\raw_data\UPT KARAWANG\2023\04 APRIL\07042023 PWKTA-KSBRU RECLOSE SUKSES\GI PWKTA\Friday 07 April 2023 22.39.46.000.CFG
300,UPT KARAWANG,2024,01. JANUARI,20240102_GI PURWAKARTA_BAY SUBANG #2_PETIR,Tuesday 02 January 2024 19.48.35.001.CFG,PETIR,PETIR (TRANSIEN),1.0,2,petir_decision_tree,"Classifier ML: probabilitas PETIR=100%  dur=80ms  fault_count=1  i0/i1=0.20  — gangguan transien, AR berhasil, tidak perlu crew lapangan.",MiCOM,Z2,three_pole,A+B+C,79.96803283691406,1,4169.01220703125,0.19948086534815068,,0.050328109777861826,,,C:\Users\hafizna.fadhli\Downloads\36. DFR GANGGUAN UIT JBT\raw_data\UPT KARAWANG\2024\01. JANUARI\20240102_GI PURWAKARTA_BAY SUBANG #2_PETIR\Tuesday 02 January 2024 19.48.35.001.CFG
301,UPT KARAWANG,2024,01. JANUARI,20240102_GI SUBANG_BAY PURWAKARTA #1_PETIR,Tuesday 02 January 2024 20.36.12.000.CFG,PETIR,PETIR (TRANSIEN),1.0,2,petir_decision_tree,"Classifier ML: probabilitas PETIR=100%  dur=80ms  fault_count=3  i0/i1=0.75  — gangguan transien, AR berhasil, tidak perlu crew lapangan.",BAY PURWAKARTA 1,Z1,single_pole,A,79.96797180175781,3,2164.0419921875,0.7454848312374405,True,0.2041350092335713,,,C:\Users\hafizna.fadhli\Downloads\36. DFR GANGGUAN UIT JBT\raw_data\UPT KARAWANG\2024\01. JANUARI\20240102_GI SUBANG_BAY PURWAKARTA #1_PETIR\Tuesday 02 January 2024 20.36.12.000.CFG
302,UPT KARAWANG,2024,01. JANUARI,20240102_GI SUBANG_BAY PURWAKARTA #2_PETIR,Tuesday 02 January 2024 19.52.57.000.CFG,PETIR,PETIR (TRANSIEN),1.0,2,petir_decision_tree,"Classifier ML: probabilitas PETIR=100%  dur=80ms  fault_count=1  i0/i1=1.24  — gangguan transien, AR berhasil, tidak perlu crew lapangan.",BAY PURWAKARTA 2,Z1,single_pole,C,79.96797180175781,1,1877.3809814453125,1.235208106835278,,0.6483413344976365,,,C:\Users\hafizna.fadhli\Downloads\36. DFR GANGGUAN UIT JBT\raw_data\UPT KARAWANG\2024\01. JANUARI\20240102_GI SUBANG_BAY PURWAKARTA #2_PETIR\Tuesday 02 January 2024 19.52.57.000.CFG
303,UPT KARAWANG,2024,03. MARET,20240306_GI PURWAKARTA_BAY KOSAMBI BARU_PETIR,Wednesday 06 March 2024 16.24.41.000.CFG,PETIR,PETIR (TRANSIEN),1.0,2,petir_decision_tree,"Classifier ML: probabilitas PETIR=100%  dur=80ms  fault_count=2  i0/i1=1.00  — gangguan transien, AR berhasil, tidak perlu crew lapangan.",MiCOM,Z1+Z3,single_pole,B,79.96797180175781,2,2106.02490234375,1.0023091671941102,True,0.0005217907210657966,,,C:\Users\hafizna.fadhli\Downloads\36. DFR GANGGUAN UIT JBT\raw_data\UPT KARAWANG\2024\03. MARET\20240306_GI PURWAKARTA_BAY KOSAMBI BARU_PETIR\Wednesday 06 March 2024 16.24.41.000.CFG
304,UPT KARAWANG,2024,04. APRIL,20240401_GI INDORAMA_BAY CIGANEA_PETIR,01042024.CFG,PETIR,PETIR (TRANSIEN),1.0,2,petir_decision_tree,"Classifier ML: probabilitas PETIR=100%  dur=77ms  fault_count=1  i0/i1=0.97  — gangguan transien, AR berhasil, tidak perlu crew lapangan.",BAY 70KV CIGANEA BM1805009123,Z1+Z3+Z2,three_pole,B+A+C,77.0000228881836,1,27.644569396972656,0.9744851720652355,,0.8696880549105876,,,C:\Users\hafizna.fadhli\Downloads\36. DFR GANGGUAN UIT JBT\raw_data\UPT KARAWANG\2024\04. APRIL\20240401_GI INDORAMA_BAY CIGANEA_PETIR\01042024.CFG
306,UPT KARAWANG,2024,04. APRIL,20240415_GI TATAJABAR_BAY JATILUHUR#1_PETIR,FR000001.cfg,PETIR,PETIR (TRANSIEN),1.0,2,petir_decision_tree,"Classifier ML: probabilitas PETIR=100%  dur=104ms  fault_count=1  i0/i1=0.48  — gangguan transien, AR berhasil, tidak perlu crew lapangan.",jatiluhur tatajabar 1   Folder   7SA522 V4.7 Var,UNKNOWN,three_pole,B+C+A,104.0,1,9.71827220916748,0.48091056109301006,,0.776234738430113,,,C:\Users\hafizna.fadhli\Downloads\36. DFR GANGGUAN UIT JBT\raw_data\UPT KARAWANG\2024\04. APRIL\20240415_GI TATAJABAR_BAY JATILUHUR#1_PETIR\FR000001.cfg
307,UPT KARAWANG,2024,04. APRIL,20240425_GI SUKATANI GOBEL_BAY KOSAMBI BARU #2_PETIR,Wednesday 24 April 2024 19.43.55.000.CFG,PETIR,PETIR (TRANSIEN),1.0,2,petir_decision_tree,"Classifier ML: probabilitas PETIR=100%  dur=80ms  fault_count=1  i0/i1=0.89  — gangguan transien, AR berhasil, tidak perlu crew lapangan.",MiCOM,Z1,single_pole,A,79.96803283691406,1,17790.5,0.8869995522383262,,0.565160565400598,,,C:\Users\hafizna.fadhli\Downloads\36. DFR GANGGUAN UIT JBT\raw_data\UPT KARAWANG\2024\04. APRIL\20240425_GI SUKATANI GOBEL_BAY KOSAMBI BARU #2_PETIR\P442 KOSAMBI BARU 2\P442 KOSAMBI BARU 2\1\DR\Wednesday 24 April 2024 19.43.55.000.CFG
308,UPT KARAWANG,2024,05.  MEI,20240518_GI PURWAKARTA BAY CIRATA #1_BINATANG KUKANG,PCS900_RCD_01016_20240518_044955_016.CFG,HEWAN,GANGGUAN PERMANEN,0.9,1,explicit_failed_reclose,"reclose_successful=False - gangguan permanen, AR gagal. Penyebab spesifik belum dapat ditentukan dari rekaman ini. Kirim tim lapangan.",NR,Z1,single_pole,C,56.66667175292969,1,953.4293212890625,1.2269600125445956,False,0.10688834282913126,,,C:\Users\hafizna.fadhli\Downloads\36. DFR GANGGUAN UIT JBT\raw_data\UPT KARAWANG\2024\05.  MEI\20240518_GI PURWAKARTA BAY CIRATA #1_BINATANG KUKANG\PCS900_RCD_01016_20240518_044955_016.CFG
310,UPT KARAWANG,2024,09. SEPTEMBER,20240925_DFR BAY JATILUHUR 2 GI TATAJABAR_PETIR,jatiluhur-ttjbr2 25-9-2024.cfg,PETIR,PETIR (TRANSIEN),1.0,2,petir_decision_tree,"Classifier ML: probabilitas PETIR=100%  dur=107ms  fault_count=1  i0/i1=0.81  — gangguan transien, AR berhasil, tidak perlu crew lapangan.",jatilluhur 2_25-09-2024   Folder   7SA522 V4.7 Var,UNKNOWN,single_pole,B,107.00000762939453,1,14.206463813781738,0.8095708827202572,,0.7044360536662891,,,C:\Users\hafizna.fadhli\Downloads\36. DFR GANGGUAN UIT JBT\raw_data\UPT KARAWANG\2024\09. SEPTEMBER\20240925_DFR BAY JATILUHUR 2 GI TATAJABAR_PETIR\jatiluhur-ttjbr2 25-9-2024.cfg
311,UPT KARAWANG,2024,09. SEPTEMBER,20240925_DFR BAY TATAJABAR 2 GI JATILUHUR_PETIR,Wednesday 25 September 2024 18.45.31.000.CFG,PETIR,NON-PETIR — PERLU INVESTIGASI,0.907,2,petir_decision_tree_non_petir,Classifier ML: bukan PETIR (prob non-PETIR=91%)  dur=100ms  fault_count=2  — penyebab spesifik belum dapat ditentukan (LAYANG/POHON/HEWAN/BENDA ASING butuh lebih banyak data latih).,MiCOM,Z1,single_pole,B,100.2979965209961,2,10904.1396484375,1.5753367575166235,,0.4432610767804648,,,C:\Users\hafizna.fadhli\Downloads\36. DFR GANGGUAN UIT JBT\raw_data\UPT KARAWANG\2024\09. SEPTEMBER\20240925_DFR BAY TATAJABAR 2 GI JATILUHUR_PETIR\Wednesday 25 September 2024 18.45.31.000.CFG
312,UPT KARAWANG,2024,10. OKTOBER,20241014_CIRATA - PURWAKARTA 2 RECLOSE_PETIR,BAY 70 KV PWKTA 2.cfg,PETIR,PETIR (TRANSIEN),1.0,2,petir_decision_tree,"Classifier ML: probabilitas PETIR=100%  dur=122ms  fault_count=1  i0/i1=0.00  — gangguan transien, AR berhasil, tidak perlu crew lapangan. | [CATATAN: Tipe proteksi tidak teridentifikasi dari sinyal digital — diklasifikasikan berdasarkan analisis gelombang arus/tegangan saja. Verifikasi manual diperlukan.]",Relay-2,UNKNOWN,unknown,,122.48200225830078,1,30.35272789001465,0.0037372706826493017,,0.40110729588128796,,,C:\Users\hafizna.fadhli\Downloads\36. DFR GANGGUAN UIT JBT\raw_data\UPT KARAWANG\2024\10. OKTOBER\20241014_CIRATA - PURWAKARTA 2 RECLOSE_PETIR\BAY PURWAKARTA 2 GI CIRATA\BAY 70 KV PWKTA 2.cfg
313,UPT KARAWANG,2024,11. NOVEMBER,20112024_GI PURWAKARTA_BAY CIRATA#2_PETIR,Wednesday 20 November 2024 20.11.06.000.CFG,PETIR,PETIR (TRANSIEN),1.0,2,petir_decision_tree,"Classifier ML: probabilitas PETIR=100%  dur=201ms  fault_count=3  i0/i1=0.09  — gangguan transien, AR berhasil, tidak perlu crew lapangan.",GI_CIRATA,UNKNOWN,three_pole,A+B+C,200.54197692871094,3,3839.26904296875,0.08853922443861802,True,0.0031595230256894562,,,C:\Users\hafizna.fadhli\Downloads\36. DFR GANGGUAN UIT JBT\raw_data\UPT KARAWANG\2024\11. NOVEMBER\20112024_GI PURWAKARTA_BAY CIRATA#2_PETIR\DFR GI CIRATA BAY PWKTA 2\Wednesday 20 November 2024 20.11.06.000.CFG
314,UPT KARAWANG,2024,11. NOVEMBER,20112024_GI PURWAKARTA_BAY CIRATA#2_PETIR,Wednesday 20 November 2024 20.28.18.001.CFG,PETIR,PETIR (TRANSIEN),1.0,2,petir_decision_tree,"Classifier ML: probabilitas PETIR=100%  dur=0ms  fault_count=1  i0/i1=0.01  — gangguan transien, AR berhasil, tidak perlu crew lapangan. | [CATATAN: Tipe proteksi tidak teridentifikasi dari sinyal digital — diklasifikasikan berdasarkan analisis gelombang arus/tegangan saja. Verifikasi manual diperlukan.]",GI_CIRATA,UNKNOWN,unknown,B+C,0.0,1,127.58899688720703,0.005781052972402684,True,0.0001385071109383086,,,C:\Users\hafizna.fadhli\Downloads\36. DFR GANGGUAN UIT JBT\raw_data\UPT KARAWANG\2024\11. NOVEMBER\20112024_GI PURWAKARTA_BAY CIRATA#2_PETIR\DFR GI CIRATA BAY PWKTA 2\Wednesday 20 November 2024 20.28.18.001.CFG
315,UPT KARAWANG,2024,11. NOVEMBER,20112024_GI PURWAKARTA_BAY CIRATA#2_PETIR,Wednesday 20 November 2024 20.07.13.000.CFG,PETIR,PETIR (TRANSIEN),1.0,2,petir_decision_tree,"Classifier ML: probabilitas PETIR=100%  dur=80ms  fault_count=1  i0/i1=0.08  — gangguan transien, AR berhasil, tidak perlu crew lapangan.",MiCOM,Z1,three_pole,A+B+C,79.96800231933594,1,2357.366943359375,0.07520721540243566,,0.8875476334706655,,,C:\Users\hafizna.fadhli\Downloads\36. DFR GANGGUAN UIT JBT\raw_data\UPT KARAWANG\2024\11. NOVEMBER\20112024_GI PURWAKARTA_BAY CIRATA#2_PETIR\DFR GI PWKTA bay cirata 2\Wednesday 20 November 2024 20.07.13.000.CFG
316,UPT KARAWANG,2024,12. DESEMBER,01122024_GI CIRATA_BAY WALINI#2_PETIR,PCS900_RCD_02346_20241201_184352_849.CFG,PETIR,GANGGUAN PERMANEN,0.75,1,three_pole_failed_reclose,"trip_type=three_pole, reclose_successful=False - gangguan permanen 3-fasa, AR gagal. Diduga kerusakan mekanik/konduktor, perlu investigasi lapangan.",NR,Z1,three_pole,A+B+C,57.500003814697266,1,21226.033203125,0.3782864267967463,False,0.44066077438398527,,,C:\Users\hafizna.fadhli\Downloads\36. DFR GANGGUAN UIT JBT\raw_data\UPT KARAWANG\2024\12. DESEMBER\01122024_GI CIRATA_BAY WALINI#2_PETIR\DFR BAY WALINI 2\PCS900_RCD_02346_20241201_184352_849.CFG
320,UPT KARAWANG,2025,03. MARET,08032025)_GI KOSAMBI BARU_BAY INDOBHARAT_APPL,Saturday 08 March 2025 10.17.40.000.CFG,,PETIR (TRANSIEN),1.0,2,petir_decision_tree,"Classifier ML: probabilitas PETIR=100%  dur=82ms  fault_count=1  i0/i1=0.71  — gangguan transien, AR berhasil, tidak perlu crew lapangan.",Indobarat,Z1,three_pole,A+B+C,81.63404846191406,1,762.4500122070312,0.7135269565420856,,0.7928454185152575,,,C:\Users\hafizna.fadhli\Downloads\36. DFR GANGGUAN UIT JBT\raw_data\UPT KARAWANG\2025\03. MARET\08032025)_GI KOSAMBI BARU_BAY INDOBHARAT_APPL\Saturday 08 March 2025 10.17.40.000.CFG
321,UPT KARAWANG,2025,03. MARET,08032025_GI INDOBHARAT_BAY KOSAMBI BARU_APPL,Saturday 08 March 2025 09.53.22.000.CFG,,PETIR (TRANSIEN),1.0,2,petir_decision_tree,"Classifier ML: probabilitas PETIR=100%  dur=80ms  fault_count=2  i0/i1=1.32  — gangguan transien, AR berhasil, tidak perlu crew lapangan.",BAY KOSAMBI BARU,Z1,single_pole,C,79.96800231933594,2,1171.0880126953125,1.3245755095960396,,0.7670753191435474,,,C:\Users\hafizna.fadhli\Downloads\36. DFR GANGGUAN UIT JBT\raw_data\UPT KARAWANG\2025\03. MARET\08032025_GI INDOBHARAT_BAY KOSAMBI BARU_APPL\DFR BAY KOSAMBI BARU GI INDOBHARAT\Saturday 08 March 2025 09.53.22.000.CFG
322,UPT PURWOKERTO,2022,01. JANUARI,01. 11012022 GI Batang New Bay Trafo 2 (18.50),DFR.CFG,,PETIR (TRANSIEN),1.0,2,petir_decision_tree,"Classifier ML: probabilitas PETIR=100%  dur=90ms  fault_count=1  i0/i1=0.13  — gangguan transien, AR berhasil, tidak perlu crew lapangan.",GI Batang,UNKNOWN,unknown,,89.9999771118164,1,2.4599783420562744,0.12708085016209766,,0.014779555908464949,,,C:\Users\hafizna.fadhli\Downloads\36. DFR GANGGUAN UIT JBT\raw_data\UPT PURWOKERTO\2022\01. JANUARI\01. 11012022 GI Batang New Bay Trafo 2 (18.50)\Rekaman DFR\DFR.CFG
323,UPT PURWOKERTO,2022,02. FEBRUARI,02. 02022022 SUTET Pemalang-Mandirancan 3 (18.02),RECLOSE DIA 3.CFG,,PETIR (TRANSIEN),1.0,2,petir_decision_tree,"Classifier ML: probabilitas PETIR=100%  dur=99ms  fault_count=1  i0/i1=1.07  — gangguan transien, AR berhasil, tidak perlu crew lapangan.",LCD Relay,Z3+Z2,single_pole,C,98.9999771118164,1,2.0675137042999268,1.074040738419988,,0.3624535298451886,,,C:\Users\hafizna.fadhli\Downloads\36. DFR GANGGUAN UIT JBT\raw_data\UPT PURWOKERTO\2022\02. FEBRUARI\02. 02022022 SUTET Pemalang-Mandirancan 3 (18.02)\Rekaman DFR\RECLOSE DIA 3.CFG
324,UPT PURWOKERTO,2022,03. MARET,03. 16032022 SUTT Wadaslintang-Purworejo 1 (17.32),WALIN PWRJ1.cfg,,PETIR (TRANSIEN),1.0,2,petir_decision_tree,"Classifier ML: probabilitas PETIR=100%  dur=117ms  fault_count=3  i0/i1=0.99  — gangguan transien, AR berhasil, tidak perlu crew lapangan.",GI WADASLINTANG,UNKNOWN,unknown,,117.13528442382812,3,7079.181640625,0.9922990483575633,,0.02037985825894571,,,C:\Users\hafizna.fadhli\Downloads\36. DFR GANGGUAN UIT JBT\raw_data\UPT PURWOKERTO\2022\03. MARET\03. 16032022 SUTT Wadaslintang-Purworejo 1 (17.32)\Rekaman DFR\WALIN PWRJ1\WALIN PWRJ1\WALIN PWRJ1.cfg
325,UPT PURWOKERTO,2022,03. MARET,06. 26032022 SUTT Kebumen-Gombong 2 (02.39),"220325,193934914,+7h0,GI 150KV KEBUMEN,GOMBONG - PURWOREJO,Qualitrol LLC.cfg",,PETIR (TRANSIEN),1.0,2,petir_decision_tree,"Classifier ML: probabilitas PETIR=100%  dur=58ms  fault_count=2  i0/i1=0.80  — gangguan transien, AR berhasil, tidak perlu crew lapangan.",GI 150KV KEBUMEN,UNKNOWN,unknown,,57.500003814697266,2,1192.9600830078125,0.7979291165148743,,0.43854673805217503,,,"C:\Users\hafizna.fadhli\Downloads\36. DFR GANGGUAN UIT JBT\raw_data\UPT PURWOKERTO\2022\03. MARET\06. 26032022 SUTT Kebumen-Gombong 2 (02.39)\Rekaman DFR\26032022 KBMEN-GBG2\220325,193934914,+7h0,GI 150KV KEBUMEN,GOMBONG - PURWOREJO,Qualitrol LLC.cfg"
326,UPT PURWOKERTO,2022,04. APRIL,02. 08042022 SUTT Purbalingga-Rawalo 2 (01.15-01.37),dfr from ds32.cfg,,NON-PETIR — PERLU INVESTIGASI,0.831,2,petir_decision_tree_non_petir,Classifier ML: bukan PETIR (prob non-PETIR=83%)  dur=219ms  fault_count=2  — penyebab spesifik belum dapat ditentukan (LAYANG/POHON/HEWAN/BENDA ASING butuh lebih banyak data latih).,GI 150 kV RAWALO,UNKNOWN,unknown,,219.3229217529297,2,2695.154052734375,0.31440875822294434,,0.2516711146258729,,,C:\Users\hafizna.fadhli\Downloads\36. DFR GANGGUAN UIT JBT\raw_data\UPT PURWOKERTO\2022\04. APRIL\02. 08042022 SUTT Purbalingga-Rawalo 2 (01.15-01.37)\Rekaman DFR\08-04-2022 Trip PBG bay Mrica2\dfr from ds32.cfg
329,UPT PURWOKERTO,2023,01. JANUARI,05. 19012023 SUTT STAR-Majenang 2  (15.57),"230119,070819568347,+7,RAWALO 150KV,STAR 1-2,Qualitrol LLC.cfg",,PETIR (TRANSIEN),1.0,2,petir_decision_tree,"Classifier ML: probabilitas PETIR=100%  dur=81ms  fault_count=2  i0/i1=0.21  — gangguan transien, AR berhasil, tidak perlu crew lapangan.",RAWALO 150KV,UNKNOWN,unknown,,81.24998474121094,2,6378.821849822998,0.20784618163442162,,0.18501133038700857,,,"C:\Users\hafizna.fadhli\Downloads\36. DFR GANGGUAN UIT JBT\raw_data\UPT PURWOKERTO\2023\01. JANUARI\05. 19012023 SUTT STAR-Majenang 2  (15.57)\Rekaman DFR\DFR Eksternal\DFR Eksternal\230119,070819568347,+7,RAWALO 150KV,STAR 1-2,Qualitrol LLC.cfg"
330,UPT PURWOKERTO,2023,01. JANUARI,05. 19012023 SUTT STAR-Majenang 2  (15.57),"230119,070822818365,+7,RAWALO 150KV,STAR 1-2,Qualitrol LLC.cfg",,NON-PETIR — PERLU INVESTIGASI,0.831,2,petir_decision_tree_non_petir,Classifier ML: bukan PETIR (prob non-PETIR=83%)  dur=0ms  fault_count=1  — penyebab spesifik belum dapat ditentukan (LAYANG/POHON/HEWAN/BENDA ASING butuh lebih banyak data latih). | [CATATAN: Tipe proteksi tidak teridentifikasi dari sinyal digital — diklasifikasikan berdasarkan analisis gelombang arus/tegangan saja. Verifikasi manual diperlukan.],RAWALO 150KV,UNKNOWN,unknown,B+C,0.0,1,944.3095922470093,0.04213345176478223,,-1168.0029172625325,,,"C:\Users\hafizna.fadhli\Downloads\36. DFR GANGGUAN UIT JBT\raw_data\UPT PURWOKERTO\2023\01. JANUARI\05. 19012023 SUTT STAR-Majenang 2  (15.57)\Rekaman DFR\DFR Eksternal\DFR Eksternal\230119,070822818365,+7,RAWALO 150KV,STAR 1-2,Qualitrol LLC.cfg"
332,UPT PURWOKERTO,2023,08. AGUSTUS,05. 30082023 SUTT Semen Nusantara-PLTU Cilacap (17.29),"230831,002807248,0,GI STARA,LMNIS-PLTU,Qualitrol LLC.cfg",,PETIR (TRANSIEN),1.0,2,petir_decision_tree,"Classifier ML: probabilitas PETIR=100%  dur=348ms  fault_count=2  i0/i1=0.01  — gangguan transien, AR berhasil, tidak perlu crew lapangan.",GI STARA,UNKNOWN,unknown,,347.5,2,4047.8062629699707,0.01075420539684141,,0.30584402670080235,,,"C:\Users\hafizna.fadhli\Downloads\36. DFR GANGGUAN UIT JBT\raw_data\UPT PURWOKERTO\2023\08. AGUSTUS\05. 30082023 SUTT Semen Nusantara-PLTU Cilacap (17.29)\Copy of External\230831,002807248,0,GI STARA,LMNIS-PLTU,Qualitrol LLC.cfg"
333,UPT PURWOKERTO,2023,10. OKTOBER,05. 20102023 SUTT Gombong-Kesugihan 1 (01.45),Copy of LINE KESUGIHAN 1 20 OKTOBER 2023.CFG,,NON-PETIR — PERLU INVESTIGASI,0.907,2,petir_decision_tree_non_petir,Classifier ML: bukan PETIR (prob non-PETIR=91%)  dur=1120ms  fault_count=1  — penyebab spesifik belum dapat ditentukan (LAYANG/POHON/HEWAN/BENDA ASING butuh lebih banyak data latih).,﻿ULTG WONOSOBO,UNKNOWN,single_pole,A,1120.0,1,3333.527587890625,2.0379496991573953,,0.6399179664368385,,,C:\Users\hafizna.fadhli\Downloads\36. DFR GANGGUAN UIT JBT\raw_data\UPT PURWOKERTO\2023\10. OKTOBER\05. 20102023 SUTT Gombong-Kesugihan 1 (01.45)\Copy of LINE KESUGIHAN 1 20 OKTOBER 2023.CFG
334,UPT PURWOKERTO,2023,10. OKTOBER,05. 20102023 SUTT Gombong-Kesugihan 1 (01.45),RECLOSE 20 OKTOBER 2023.CFG,,PETIR (TRANSIEN),1.0,2,petir_decision_tree,"Classifier ML: probabilitas PETIR=100%  dur=86ms  fault_count=1  i0/i1=0.73  — gangguan transien, AR berhasil, tidak perlu crew lapangan.",E08_F211,UNKNOWN,single_pole,A,86.0000228881836,1,9415.765625,0.7344857458808747,,0.18992695006357996,,,C:\Users\hafizna.fadhli\Downloads\36. DFR GANGGUAN UIT JBT\raw_data\UPT PURWOKERTO\2023\10. OKTOBER\05. 20102023 SUTT Gombong-Kesugihan 1 (01.45)\Copy of RECLOSE 20 OKTOBER 2023\RECLOSE 20 OKTOBER 2023\RECLOSE 20 OKTOBER 2023.CFG
335,UPT PURWOKERTO,2023,12. DESEMBER,01. 28122023 SUTT Dieng-Garung (06.18),Thursday 28 December 2023 04.57.18.001.CFG,,PETIR (TRANSIEN),1.0,2,petir_decision_tree,"Classifier ML: probabilitas PETIR=100%  dur=80ms  fault_count=2  i0/i1=0.93  — gangguan transien, AR berhasil, tidak perlu crew lapangan.",DIENG,Z1,unknown,,80.06399536132812,2,5931.64013671875,0.9287092695979089,,0.9169496879413052,,,C:\Users\hafizna.fadhli\Downloads\36. DFR GANGGUAN UIT JBT\raw_data\UPT PURWOKERTO\2023\12. DESEMBER\01. 28122023 SUTT Dieng-Garung (06.18)\GARUNG BAY DIENG 28122023\Thursday 28 December 2023 04.57.18.001.CFG
336,UPT PURWOKERTO,2023,12. DESEMBER,01. 28122023 SUTT Dieng-Garung (06.18),ZQ14.cfg,,PETIR (TRANSIEN),1.0,2,petir_decision_tree,"Classifier ML: probabilitas PETIR=100%  dur=3ms  fault_count=2  i0/i1=0.99  — gangguan transien, AR berhasil, tidak perlu crew lapangan. | [CATATAN: Tipe proteksi tidak teridentifikasi dari sinyal digital — diklasifikasikan berdasarkan analisis gelombang arus/tegangan saja. Verifikasi manual diperlukan.]",GI DIENG,UNKNOWN,unknown,A,3.3854246139526367,2,5570.53759765625,0.9934479292911423,,0.47317148320687663,,,C:\Users\hafizna.fadhli\Downloads\36. DFR GANGGUAN UIT JBT\raw_data\UPT PURWOKERTO\2023\12. DESEMBER\01. 28122023 SUTT Dieng-Garung (06.18)\GI Dieng Bay Garung Eksternal\ZQ14.cfg
337,UPT PURWOKERTO,2024,04. APRIL,05. 26042024 SUTT MRICA-PBLGA #2 (18.01),"240426,180133580,0,GI PURBALINGGA,MRICA 1-2,Qualitrol LLC.cfg",,PETIR (TRANSIEN),1.0,2,petir_decision_tree,"Classifier ML: probabilitas PETIR=100%  dur=94ms  fault_count=1  i0/i1=0.66  — gangguan transien, AR berhasil, tidak perlu crew lapangan.",GI PURBALINGGA,UNKNOWN,single_pole,C,93.51563262939453,1,8208.297729492188,0.6637057940060496,,0.009140877628799482,,,"C:\Users\hafizna.fadhli\Downloads\36. DFR GANGGUAN UIT JBT\raw_data\UPT PURWOKERTO\2024\04. APRIL\05. 26042024 SUTT MRICA-PBLGA #2 (18.01)\240426,180133580,0 MRICA 1-2 sisi GI PBLGA\240426,180133580,0,GI PURBALINGGA,MRICA 1-2,Qualitrol LLC.cfg"
338,UPT PURWOKERTO,2024,04. APRIL,05. 26042024 SUTT MRICA-PBLGA #2 (18.01),Friday 26 April 2024 18.01.33.000.CFG,,NON-PETIR — PERLU INVESTIGASI,0.907,2,petir_decision_tree_non_petir,Classifier ML: bukan PETIR (prob non-PETIR=91%)  dur=80ms  fault_count=2  — penyebab spesifik belum dapat ditentukan (LAYANG/POHON/HEWAN/BENDA ASING butuh lebih banyak data latih).,Purbalingga#2,Z1,single_pole,C,79.87197875976562,2,9434.490234375,1.3053540314866516,,0.6601112629229919,,,C:\Users\hafizna.fadhli\Downloads\36. DFR GANGGUAN UIT JBT\raw_data\UPT PURWOKERTO\2024\04. APRIL\05. 26042024 SUTT MRICA-PBLGA #2 (18.01)\26042024 MRICA-PBLG 2 sisi GI MRICA\26042024 MRICA-PBLG 2\Friday 26 April 2024 18.01.33.000.CFG
343,UPT PURWOKERTO,2024,05. MEI,07052024 RECLOSE SUCCESS SUTT GBONG-KSGHN #1 (04.34),dfr internal gombong bay kesugihan 1 tgl 07052024.CFG,,NON-PETIR — PERLU INVESTIGASI,0.907,2,petir_decision_tree_non_petir,Classifier ML: bukan PETIR (prob non-PETIR=91%)  dur=1145ms  fault_count=1  — penyebab spesifik belum dapat ditentukan (LAYANG/POHON/HEWAN/BENDA ASING butuh lebih banyak data latih).,﻿ULTG WONOSOBO,UNKNOWN,single_pole,A,1145.0,1,8008.0546875,1.4181962119649045,,0.7548847739101359,,,C:\Users\hafizna.fadhli\Downloads\36. DFR GANGGUAN UIT JBT\raw_data\UPT PURWOKERTO\2024\05. MEI\07052024 RECLOSE SUCCESS SUTT GBONG-KSGHN #1 (04.34)\07052024 DFR Internal Gombong bay kesuginan1\dfr internal gombong bay kesugihan 1 tgl 07052024.CFG
344,UPT PURWOKERTO,2024,05. MEI,07052024 RECLOSE SUCCESS SUTT GBONG-KSGHN #1 (04.34),gombong_external.cfg,,NON-PETIR — PERLU INVESTIGASI,0.907,2,petir_decision_tree_non_petir,Classifier ML: bukan PETIR (prob non-PETIR=91%)  dur=88ms  fault_count=2  — penyebab spesifik belum dapat ditentukan (LAYANG/POHON/HEWAN/BENDA ASING butuh lebih banyak data latih).,GI 150KV GOMBONG,UNKNOWN,unknown,,87.5,2,6769.521713256836,1.4640480011363706,,0.5449309900206539,,,C:\Users\hafizna.fadhli\Downloads\36. DFR GANGGUAN UIT JBT\raw_data\UPT PURWOKERTO\2024\05. MEI\07052024 RECLOSE SUCCESS SUTT GBONG-KSGHN #1 (04.34)\07052024_DFR EKTERNAL GI GOMBONG BAY KESUGIHAN 1\gombong_external.cfg
345,UPT PURWOKERTO,2024,05. MEI,27052024 FINAL TRIP SUTT RWALO-PBLGA #2 (00.31),pbg_rawalo 2.CFG,,PETIR (TRANSIEN),1.0,2,petir_decision_tree,"Classifier ML: probabilitas PETIR=100%  dur=92ms  fault_count=2  i0/i1=0.13  — gangguan transien, AR berhasil, tidak perlu crew lapangan.",150kV GI PURBALINGGA,UNKNOWN,single_pole,B,91.74999237060547,2,0.9141510725021362,0.12734616555845515,,0.08458747673647891,,,C:\Users\hafizna.fadhli\Downloads\36. DFR GANGGUAN UIT JBT\raw_data\UPT PURWOKERTO\2024\05. MEI\27052024 FINAL TRIP SUTT RWALO-PBLGA #2 (00.31)\2024-05-27 DFR Eksternal GI Purbalingga bay Rawalo#2\pbg-rwl 2\pbg_rawalo 2.CFG
346,UPT PURWOKERTO,2024,05. MEI,27052024 FINAL TRIP SUTT RWALO-PBLGA #2 (00.31),pbg 2.CFG,,GANGGUAN PERMANEN,0.9,1,explicit_failed_reclose,"reclose_successful=False - gangguan permanen, AR gagal. Penyebab spesifik belum dapat ditentukan dari rekaman ini. Kirim tim lapangan.",GI Rawalo,Z1,single_pole,B,1171.4559326171875,3,19283.35546875,0.9248396692023904,False,0.4371391282737876,,,C:\Users\hafizna.fadhli\Downloads\36. DFR GANGGUAN UIT JBT\raw_data\UPT PURWOKERTO\2024\05. MEI\27052024 FINAL TRIP SUTT RWALO-PBLGA #2 (00.31)\2024-05-27 DFR Internal GI Rawalo bay Purbalingga#2\pbg 2.CFG
347,UPT PURWOKERTO,2024,07. JULI,24072024_16.25_RECLOSE SUTT KBMEN-GBONG #2,Wednesday 24 July 2024 16.25.18.000.CFG,,PETIR (TRANSIEN),1.0,2,petir_decision_tree,"Classifier ML: probabilitas PETIR=100%  dur=101ms  fault_count=1  i0/i1=0.01  — gangguan transien, AR berhasil, tidak perlu crew lapangan.",KEBUMEN 2,UNKNOWN,three_pole,A+B+C,101.33099365234375,1,4698.4599609375,0.011204840356286105,,0.14729237561839678,,,C:\Users\hafizna.fadhli\Downloads\36. DFR GANGGUAN UIT JBT\raw_data\UPT PURWOKERTO\2024\07. JULI\24072024_16.25_RECLOSE SUTT KBMEN-GBONG #2\DFR INTERNAL GI GOMBONG BAY KEBUMEN 2\DFR INTERNAL GI GOMBONG BAY KEBUMEN 2\Wednesday 24 July 2024 16.25.18.000.CFG
350,UPT PURWOKERTO,2024,11. NOVEMBER,05. 13112024 15.13 RECLOSE SUCCESS FASA R SUTT 150 KV MRICA-PBLGA #2,DFR INTERNAL MRICA BAY PBG 2.CFG,,NON-PETIR — PERLU INVESTIGASI,0.907,2,petir_decision_tree_non_petir,Classifier ML: bukan PETIR (prob non-PETIR=91%)  dur=80ms  fault_count=2  — penyebab spesifik belum dapat ditentukan (LAYANG/POHON/HEWAN/BENDA ASING butuh lebih banyak data latih).,Purbalingga#2,Z1,single_pole,A,80.06399536132812,2,6845.47509765625,1.3644872510562114,,0.5956498450891957,,,C:\Users\hafizna.fadhli\Downloads\36. DFR GANGGUAN UIT JBT\raw_data\UPT PURWOKERTO\2024\11. NOVEMBER\05. 13112024 15.13 RECLOSE SUCCESS FASA R SUTT 150 KV MRICA-PBLGA #2\13112024 DFR INTERNAL MRICA BAY PURBALINGGA 2\DFR INTERNAL MRICA BAY PBG 2.CFG
351,UPT PURWOKERTO,2024,11. NOVEMBER,05. 13112024 15.13 RECLOSE SUCCESS FASA R SUTT 150 KV MRICA-PBLGA #2,Mrica 2 131124_15.13.49.CFG,,PETIR (TRANSIEN),1.0,2,petir_decision_tree,"Classifier ML: probabilitas PETIR=100%  dur=113ms  fault_count=1  i0/i1=0.74  — gangguan transien, AR berhasil, tidak perlu crew lapangan.",GI Purbalingga   OHL Mrica 2   7SA522 V4.6 Var,UNKNOWN,single_pole,A,112.99999237060547,1,4.626431941986084,0.7420115982898529,,0.5284660321651733,,,C:\Users\hafizna.fadhli\Downloads\36. DFR GANGGUAN UIT JBT\raw_data\UPT PURWOKERTO\2024\11. NOVEMBER\05. 13112024 15.13 RECLOSE SUCCESS FASA R SUTT 150 KV MRICA-PBLGA #2\Pbg bay Mrica 2_int_131124_15.13\Pbg bay Mrica 2\Mrica 2 131124_15.13.49.CFG
352,UPT PURWOKERTO,2024,12. DESEMBER,01. 01122024 23.09 RECLOSE FASA R SUTT 150 KV KLBKL-BMAYU #1,GI Bumiayu bay Kalibakal#1 Monday 02 December 2024 00.00.00.000.CFG,,PETIR (TRANSIEN),1.0,2,petir_decision_tree,"Classifier ML: probabilitas PETIR=100%  dur=80ms  fault_count=3  i0/i1=1.90  — gangguan transien, AR berhasil, tidak perlu crew lapangan.",GI BMAYU,Z3+Z2,single_pole,A,79.96797180175781,3,856.6690063476562,1.9021395399930272,True,0.2066185633344431,,,C:\Users\hafizna.fadhli\Downloads\36. DFR GANGGUAN UIT JBT\raw_data\UPT PURWOKERTO\2024\12. DESEMBER\01. 01122024 23.09 RECLOSE FASA R SUTT 150 KV KLBKL-BMAYU #1\GI Bumiayu bay Kalibakal#1 Monday 02 December 2024 00.00.00.000.CFG
353,UPT PURWOKERTO,2024,12. DESEMBER,02. 01122024 23.09 RECLOSE FASA R SUTT 150 KV KLBKL-BMAYU #2,GI Bumiayu Bay Kalibakal# 2 Sunday 01 December 2024 21.41.11.000.CFG,,PETIR (TRANSIEN),1.0,2,petir_decision_tree,"Classifier ML: probabilitas PETIR=100%  dur=80ms  fault_count=2  i0/i1=2.10  — gangguan transien, AR berhasil, tidak perlu crew lapangan.",GI BUMIAYU,Z2,single_pole,A,79.96797180175781,2,930.4099731445312,2.1033318287969727,True,0.4881529672912236,,,C:\Users\hafizna.fadhli\Downloads\36. DFR GANGGUAN UIT JBT\raw_data\UPT PURWOKERTO\2024\12. DESEMBER\02. 01122024 23.09 RECLOSE FASA R SUTT 150 KV KLBKL-BMAYU #2\GI Bumiayu Bay Kalibakal# 2 Sunday 01 December 2024 21.41.11.000.CFG
354,UPT PURWOKERTO,2024,12. DESEMBER,11. 17122024 13.45 RECLOSE FASA R SUTT 150 KV KSGHN-GBONG #2,DFR INTERNAL GBG BAY KSGHN 2.CFG,,NON-PETIR — PERLU INVESTIGASI,1.0,2,petir_decision_tree_non_petir,Classifier ML: bukan PETIR (prob non-PETIR=100%)  dur=1137ms  fault_count=1  — penyebab spesifik belum dapat ditentukan (LAYANG/POHON/HEWAN/BENDA ASING butuh lebih banyak data latih).,7SA87,Z1+Z3+Z2,single_pole,A,1136.5001220703125,1,3142.388427734375,1.5772893138021948,,0.5011654620751794,,,C:\Users\hafizna.fadhli\Downloads\36. DFR GANGGUAN UIT JBT\raw_data\UPT PURWOKERTO\2024\12. DESEMBER\11. 17122024 13.45 RECLOSE FASA R SUTT 150 KV KSGHN-GBONG #2\DFR INTERNAL GBG BAY KSGHN 2.CFG
355,UPT PURWOKERTO,2024,12. DESEMBER,12. 24122024 16.11 RECLOSE FASA S SUTT 150 KV KSGHN-GBONG #1,DFR INTERNAL GBG BAY KSGHN 1.CFG,,NON-PETIR — PERLU INVESTIGASI,0.907,2,petir_decision_tree_non_petir,Classifier ML: bukan PETIR (prob non-PETIR=91%)  dur=1146ms  fault_count=1  — penyebab spesifik belum dapat ditentukan (LAYANG/POHON/HEWAN/BENDA ASING butuh lebih banyak data latih).,﻿ULTG WONOSOBO,Z1,single_pole,B,1145.9998779296875,1,3454.275390625,3.2107334123676914,,0.8653149332242389,,,C:\Users\hafizna.fadhli\Downloads\36. DFR GANGGUAN UIT JBT\raw_data\UPT PURWOKERTO\2024\12. DESEMBER\12. 24122024 16.11 RECLOSE FASA S SUTT 150 KV KSGHN-GBONG #1\DFR INTERNAL GBG BAY KSGHN 1.CFG
356,UPT PURWOKERTO,2024,12. DESEMBER,13. 24122024 16.11 RECLOSE FASA S SUTT 150 KV KSGHN-GBONG #2,DFR INTERNAL GBG BAY KSGHN 2.CFG,,NON-PETIR — PERLU INVESTIGASI,0.907,2,petir_decision_tree_non_petir,Classifier ML: bukan PETIR (prob non-PETIR=91%)  dur=1160ms  fault_count=1  — penyebab spesifik belum dapat ditentukan (LAYANG/POHON/HEWAN/BENDA ASING butuh lebih banyak data latih).,7SA87,Z1+Z3+Z2,single_pole,B,1159.75,1,3545.322509765625,3.3403855187591165,,0.8780449113891,,,C:\Users\hafizna.fadhli\Downloads\36. DFR GANGGUAN UIT JBT\raw_data\UPT PURWOKERTO\2024\12. DESEMBER\13. 24122024 16.11 RECLOSE FASA S SUTT 150 KV KSGHN-GBONG #2\DFR INTERNAL GBG BAY KSGHN 2.CFG
357,UPT PURWOKERTO,2025,1. JANUARI,01. 050125 00.08 - RECLOSE FASA R SUTT 150 KV KSGHN-GBONG #1,DFR INTERNAL GBG BAY KSGHN 1.CFG,,NON-PETIR — PERLU INVESTIGASI,0.907,2,petir_decision_tree_non_petir,Classifier ML: bukan PETIR (prob non-PETIR=91%)  dur=1140ms  fault_count=1  — penyebab spesifik belum dapat ditentukan (LAYANG/POHON/HEWAN/BENDA ASING butuh lebih banyak data latih).,﻿ULTG WONOSOBO,Z1,single_pole,A,1140.0,1,5142.54150390625,1.4620611397670213,,0.5070255445820168,,,C:\Users\hafizna.fadhli\Downloads\36. DFR GANGGUAN UIT JBT\raw_data\UPT PURWOKERTO\2025\1. JANUARI\01. 050125 00.08 - RECLOSE FASA R SUTT 150 KV KSGHN-GBONG #1\DFR INTERNAL GBG BAY KSGHN 1.CFG
358,UPT PURWOKERTO,2025,10. OKTOBER,02. 20102025 15.49 - TRIP SUTM 30 kV KLBKL-KTNGR #12,Ketenger#2.CFG,,PETIR (TRANSIEN),1.0,2,petir_decision_tree,"Classifier ML: probabilitas PETIR=100%  dur=82ms  fault_count=1  i0/i1=0.03  — gangguan transien, AR berhasil, tidak perlu crew lapangan. | [CATATAN: Tipe proteksi tidak teridentifikasi dari sinyal digital — diklasifikasikan berdasarkan analisis gelombang arus/tegangan saja. Verifikasi manual diperlukan.]",MiCOM,UNKNOWN,unknown,A+B,82.37898254394531,1,1757.1844482421875,0.03161204027940589,,0.654566918732226,,,C:\Users\hafizna.fadhli\Downloads\36. DFR GANGGUAN UIT JBT\raw_data\UPT PURWOKERTO\2025\10. OKTOBER\02. 20102025 15.49 - TRIP SUTM 30 kV KLBKL-KTNGR #12\Ketenger#2.CFG
359,UPT PURWOKERTO,2025,10. OKTOBER,02. 20102025 15.49 - TRIP SUTM 30 kV KLBKL-KTNGR #12,KTG1.CFG,,PETIR (TRANSIEN),1.0,2,petir_decision_tree,"Classifier ML: probabilitas PETIR=100%  dur=81ms  fault_count=1  i0/i1=0.00  — gangguan transien, AR berhasil, tidak perlu crew lapangan. | [CATATAN: Tipe proteksi tidak teridentifikasi dari sinyal digital — diklasifikasikan berdasarkan analisis gelombang arus/tegangan saja. Verifikasi manual diperlukan.]",MiCOM,UNKNOWN,unknown,A+B,80.8349838256836,1,1496.45166015625,0.0010694588247254148,,0.553324518002188,,,C:\Users\hafizna.fadhli\Downloads\36. DFR GANGGUAN UIT JBT\raw_data\UPT PURWOKERTO\2025\10. OKTOBER\02. 20102025 15.49 - TRIP SUTM 30 kV KLBKL-KTNGR #12\KTG1.CFG
360,UPT PURWOKERTO,2025,3. MARET,05. 280325 14.24 - RECLOSE FASA R SUTT 150 KV KSGHN-GBONG #2 (ULTG PWKTO),DFR INTERNAL GBG BAY KSGHN #2 14.24.CFG,,PETIR (TRANSIEN),1.0,2,petir_decision_tree,"Classifier ML: probabilitas PETIR=100%  dur=1133ms  fault_count=1  i0/i1=1.43  — gangguan transien, AR berhasil, tidak perlu crew lapangan.",E03_F211,Z1+Z3+Z2,single_pole,A,1133.4998779296875,1,1333.204345703125,1.4333234378392594,,0.5857868076935213,,,C:\Users\hafizna.fadhli\Downloads\36. DFR GANGGUAN UIT JBT\raw_data\UPT PURWOKERTO\2025\3. MARET\05. 280325 14.24 - RECLOSE FASA R SUTT 150 KV KSGHN-GBONG #2 (ULTG PWKTO)\DFR INTERNAL GBG BAY KSGHN #2 14.24.CFG
361,UPT PURWOKERTO,2025,4. APRIL,9.) 24042025 09.16 - TRIP BUSBAR B GI KBMEN 150 KV,__202_20250423_091504_753_s.cfg,,GANGGUAN PERMANEN,0.75,1,three_pole_failed_reclose,"trip_type=three_pole, reclose_successful=False - gangguan permanen 3-fasa, AR gagal. Diduga kerusakan mekanik/konduktor, perlu investigasi lapangan.",UNKNOWN,Z2,three_pole,A+B+C,0.0,1,3.176140785217285,0.3145514334212959,False,0.1584076566045981,,,C:\Users\hafizna.fadhli\Downloads\36. DFR GANGGUAN UIT JBT\raw_data\UPT PURWOKERTO\2025\4. APRIL\9.) 24042025 09.16 - TRIP BUSBAR B GI KBMEN 150 KV\__202_20250423_091504_753_s.cfg
362,UPT SALATIGA,2023,2. FEBRUARI,20230225 CT Breakdown Phs S GI Purworejo Bay Wates 1,ZQ5.cfg,,PETIR (TRANSIEN),1.0,2,petir_decision_tree,"Classifier ML: probabilitas PETIR=100%  dur=122ms  fault_count=1  i0/i1=0.39  — gangguan transien, AR berhasil, tidak perlu crew lapangan.",GI WADASLINTANG,Z2,three_pole,A+B+C,121.77079772949219,1,2131.160400390625,0.3868998196679621,,0.1979962244344999,,,"C:\Users\hafizna.fadhli\Downloads\36. DFR GANGGUAN UIT JBT\raw_data\UPT SALATIGA\2023\2. FEBRUARI\20230225 CT Breakdown Phs S GI Purworejo Bay Wates 1\DFR Ekstrenal GI Wadaslintang Bay Purworejo 1,2\ZQ5.cfg"
364,UPT SALATIGA,2023,2. FEBRUARI,20230225 CT Breakdown Phs S GI Purworejo Bay Wates 1,W0225143430.cfg,,PETIR (TRANSIEN),1.0,2,petir_decision_tree,"Classifier ML: probabilitas PETIR=100%  dur=0ms  fault_count=1  i0/i1=5.38  — gangguan transien, AR berhasil, tidak perlu crew lapangan. | [CATATAN: Tipe proteksi tidak teridentifikasi dari sinyal digital — diklasifikasikan berdasarkan analisis gelombang arus/tegangan saja. Verifikasi manual diperlukan.]",NARI-RELAYS,UNKNOWN,unknown,A+B,0.0,1,1.077186942100525,5.3815433269345085,,0.8854410509684093,,,C:\Users\hafizna.fadhli\Downloads\36. DFR GANGGUAN UIT JBT\raw_data\UPT SALATIGA\2023\2. FEBRUARI\20230225 CT Breakdown Phs S GI Purworejo Bay Wates 1\DFR Rele NR RCS GI Purworejo Bay Wates 1\wave_data\W0225143430.cfg
365,UPT SALATIGA,2023,2. FEBRUARI,20230225 CT Breakdown Phs S GI Purworejo Bay Wates 1,7SA87 Bay Purworejo 2 GI Wates.CFG,,PETIR (TRANSIEN),1.0,2,petir_decision_tree,"Classifier ML: probabilitas PETIR=100%  dur=451ms  fault_count=1  i0/i1=0.00  — gangguan transien, AR berhasil, tidak perlu crew lapangan. | [CATATAN: Tipe proteksi tidak teridentifikasi dari sinyal digital — diklasifikasikan berdasarkan analisis gelombang arus/tegangan saja. Verifikasi manual diperlukan.]",Project1,UNKNOWN,unknown,A+B,450.9999694824219,1,0.46696385741233826,0.0,,0.8393157876935396,,,C:\Users\hafizna.fadhli\Downloads\36. DFR GANGGUAN UIT JBT\raw_data\UPT SALATIGA\2023\2. FEBRUARI\20230225 CT Breakdown Phs S GI Purworejo Bay Wates 1\DFR Rele Siemens GI Wates Bay Purworejo 2\7SA87 Bay Purworejo 2 GI Wates.CFG
366,UPT SALATIGA,2024,01. JANUARI,20240127_GI WONOSARI_BAY RAYUM #2_PETIR,GANGGUAN WONOSARI RARYUM 2 21012024.cfg,PETIR,NON-PETIR — PERLU INVESTIGASI,0.831,2,petir_decision_tree_non_petir,Classifier ML: bukan PETIR (prob non-PETIR=83%)  dur=1732ms  fault_count=1  — penyebab spesifik belum dapat ditentukan (LAYANG/POHON/HEWAN/BENDA ASING butuh lebih banyak data latih).,GI WONOSARI,UNKNOWN,three_pole,A+B+C,1732.3958740234375,1,2765.588623046875,0.3348734039009353,,0.012980411961864316,,,C:\Users\hafizna.fadhli\Downloads\36. DFR GANGGUAN UIT JBT\raw_data\UPT SALATIGA\2024\01. JANUARI\20240127_GI WONOSARI_BAY RAYUM #2_PETIR\GANGGUAN WONOSARI RARYUM 2 21012024.cfg
367,UPT SALATIGA,2024,4.APRIL,20240426_GI KENTUNGAN_BAY PEDAN2_PETIR,"240327,063452058,0,GI KENTUNGAN,PEDAN 1-2,Qualitrol LLC.cfg",PETIR,PETIR (TRANSIEN),1.0,2,petir_decision_tree,"Classifier ML: probabilitas PETIR=100%  dur=93ms  fault_count=2  i0/i1=0.30  — gangguan transien, AR berhasil, tidak perlu crew lapangan.",GI KENTUNGAN,UNKNOWN,single_pole,C,93.12498474121094,2,7302.93603515625,0.29945456069459536,,0.09644114573707166,,,"C:\Users\hafizna.fadhli\Downloads\36. DFR GANGGUAN UIT JBT\raw_data\UPT SALATIGA\2024\4.APRIL\20240426_GI KENTUNGAN_BAY PEDAN2_PETIR\DFR Eksternal GI Kentungan Bay Pedan 2\240327,063452058,0,GI KENTUNGAN,PEDAN 1-2,Qualitrol LLC.cfg"
368,UPT SALATIGA,2024,4.APRIL,20240426_GI KENTUNGAN_BAY PEDAN2_PETIR,ZQ5B.cfg,PETIR,PETIR (TRANSIEN),1.0,2,petir_decision_tree,"Classifier ML: probabilitas PETIR=100%  dur=0ms  fault_count=1  i0/i1=0.71  — gangguan transien, AR berhasil, tidak perlu crew lapangan.",GI 150 KV PEDAN,UNKNOWN,unknown,,0.10415911674499512,1,9540.4169921875,0.7067907597028844,,-0.0182613135784591,,,C:\Users\hafizna.fadhli\Downloads\36. DFR GANGGUAN UIT JBT\raw_data\UPT SALATIGA\2024\4.APRIL\20240426_GI KENTUNGAN_BAY PEDAN2_PETIR\DFR Eksternal GI Pedan Bay Kentungan 2\ZQ5B.cfg
372,UPT SALATIGA,2024,5. MEI,20240516_GITET PEDAN BAY KEDIRI #2_BENDA ASING,dfr internal siemens main b.CFG,BENDA ASING,PETIR (TRANSIEN),1.0,2,petir_decision_tree,"Classifier ML: probabilitas PETIR=100%  dur=186ms  fault_count=1  i0/i1=0.00  — gangguan transien, AR berhasil, tidak perlu crew lapangan.",pedan kediri 2 16 mei 20   Folder   7SA522 V4.7 Var,UNKNOWN,three_pole,A+B+C,185.99998474121094,1,0.16586823761463165,0.0,,0.026907305862610916,,,C:\Users\hafizna.fadhli\Downloads\36. DFR GANGGUAN UIT JBT\raw_data\UPT SALATIGA\2024\5. MEI\20240516_GITET PEDAN BAY KEDIRI #2_BENDA ASING\pedan kediri 2 16mei 2024\dfr internal siemens main b.CFG
374,UPT SALATIGA,2025,03. MARET,20250309_GI WATES_BAY PURWOREJO #2_PETIR,20250309 Reclose SUTT Purworejo - Wates 2.cfg,PETIR,PETIR (TRANSIEN),1.0,2,petir_decision_tree,"Classifier ML: probabilitas PETIR=100%  dur=99ms  fault_count=1  i0/i1=0.79  — gangguan transien, AR berhasil, tidak perlu crew lapangan.",GI 150 KV PURWOREJO,UNKNOWN,single_pole,A,98.59375762939453,1,7155.658203125,0.7901210396133498,,0.015518814104037638,,,C:\Users\hafizna.fadhli\Downloads\36. DFR GANGGUAN UIT JBT\raw_data\UPT SALATIGA\2025\03. MARET\20250309_GI WATES_BAY PURWOREJO #2_PETIR\20250309 Reclose SUTT Purworejo - Wates 2\20250309 Reclose SUTT Purworejo - Wates 2.cfg
376,UPT SALATIGA,2025,04. APRIL,20250410_GI NGUNTORONADI_BAY PACITAN #1_PETIR,"250410,064653619,+7h0,GI NGUNTORONADI,PACITAN 1-2,Qualitrol LLC.cfg",PETIR,PETIR (TRANSIEN),1.0,2,petir_decision_tree,"Classifier ML: probabilitas PETIR=100%  dur=0ms  fault_count=2  i0/i1=0.88  — gangguan transien, AR berhasil, tidak perlu crew lapangan. | [CATATAN: Tipe proteksi tidak teridentifikasi dari sinyal digital — diklasifikasikan berdasarkan analisis gelombang arus/tegangan saja. Verifikasi manual diperlukan.]",GI NGUNTORONADI,UNKNOWN,unknown,A+B+C,0.3906264901161194,2,6660.075664520264,0.8753373797431164,,0.41633916771864055,,,"C:\Users\hafizna.fadhli\Downloads\36. DFR GANGGUAN UIT JBT\raw_data\UPT SALATIGA\2025\04. APRIL\20250410_GI NGUNTORONADI_BAY PACITAN #1_PETIR\GI Nguntoro pacitan 1\GI Nguntoro pacitan 1\250410,064653619,+7h0,GI NGUNTORONADI,PACITAN 1-2,Qualitrol LLC.cfg"
377,UPT SALATIGA,2025,04. APRIL,20250418_GI JELOK_BAY UNGARAN #1 _PETIR,DFR Eksternal GI Jelok Bay Ungaran#1.cfg,PETIR,NON-PETIR — PERLU INVESTIGASI,0.907,2,petir_decision_tree_non_petir,Classifier ML: bukan PETIR (prob non-PETIR=91%)  dur=0ms  fault_count=1  — penyebab spesifik belum dapat ditentukan (LAYANG/POHON/HEWAN/BENDA ASING butuh lebih banyak data latih).,GI JELOK,UNKNOWN,unknown,,0.31250715255737305,1,8462.494140625,1.2792695046246556,,0.45387144245364863,,,C:\Users\hafizna.fadhli\Downloads\36. DFR GANGGUAN UIT JBT\raw_data\UPT SALATIGA\2025\04. APRIL\20250418_GI JELOK_BAY UNGARAN #1 _PETIR\DFR Eksternal GI Jelok Bay Ungaran#2\DFR Eksternal GI Jelok Bay Ungaran#2\DFR Eksternal GI Jelok Bay Ungaran#1.cfg
378,UPT SALATIGA,2025,04. APRIL,20250418_GI JELOK_BAY UNGARAN #1 _PETIR,PCS900_RCD_01166_20250418_131803_662_f.cfg,PETIR,GANGGUAN PERMANEN,0.9,1,explicit_failed_reclose,"reclose_successful=False - gangguan permanen, AR gagal. Penyebab spesifik belum dapat ditentukan dari rekaman ini. Kirim tim lapangan.",NR,UNKNOWN,single_pole,A,68.33332824707031,2,8.259772300720215,1.2607677840705955,False,0.6829464716354539,,,C:\Users\hafizna.fadhli\Downloads\36. DFR GANGGUAN UIT JBT\raw_data\UPT SALATIGA\2025\04. APRIL\20250418_GI JELOK_BAY UNGARAN #1 _PETIR\DFR Internal GI Jelok Bay Ungaran#1\DFR Internal GI Jelok Bay Ungaran#1\PCS900_RCD_01166_20250418_131803_662_f.cfg
381,UPT SALATIGA,2025,05. MEI,20250511_GI BOYOLALI_BAY BRINGIN#1_PETIR,"250511,070856480,+7h0,GI 150kV BOYOLALI,BRINGIN 1-2,Qualitrol LLC.cfg",PETIR,PETIR (TRANSIEN),1.0,2,petir_decision_tree,"Classifier ML: probabilitas PETIR=100%  dur=80ms  fault_count=2  i0/i1=0.82  — gangguan transien, AR berhasil, tidak perlu crew lapangan.",GI 150kV BOYOLALI,UNKNOWN,single_pole,C,79.99998474121094,2,12748.300552368164,0.8211870283334317,,0.33736596308328676,,,"C:\Users\hafizna.fadhli\Downloads\36. DFR GANGGUAN UIT JBT\raw_data\UPT SALATIGA\2025\05. MEI\20250511_GI BOYOLALI_BAY BRINGIN#1_PETIR\GI BOYOLALI\250511,070856480,+7h0,GI 150kV BOYOLALI,BRINGIN 1-2,Qualitrol LLC.cfg"
382,UPT SALATIGA,2025,05. MEI,20250511_GI BOYOLALI_BAY BRINGIN#1_PETIR,861_11520257856777_FRA00861.CFG,PETIR,PETIR (TRANSIEN),1.0,2,petir_decision_tree,"Classifier ML: probabilitas PETIR=100%  dur=1ms  fault_count=2  i0/i1=0.01  — gangguan transien, AR berhasil, tidak perlu crew lapangan. | [CATATAN: Tipe proteksi tidak teridentifikasi dari sinyal digital — diklasifikasikan berdasarkan analisis gelombang arus/tegangan saja. Verifikasi manual diperlukan.]",GI 150kV Ampel,UNKNOWN,unknown,A,1.2499988079071045,2,123.45930480957031,0.01189014409581205,,0.0008017780910638805,,,C:\Users\hafizna.fadhli\Downloads\36. DFR GANGGUAN UIT JBT\raw_data\UPT SALATIGA\2025\05. MEI\20250511_GI BOYOLALI_BAY BRINGIN#1_PETIR\GI BOYOLALI\861_11520257856777_FRA00861.CFG
385,UPT SALATIGA,2025,05. MEI,20250517_GITET BOYOLALI_BAY UNGARAN_BENDA ASING,"250517,043739206,+7h0,GITET 500kV BOYOLALI,UNGARAN 1-2,Qualitrol LLC.cfg",BENDA ASING,NON-PETIR — PERLU INVESTIGASI,0.907,2,petir_decision_tree_non_petir,Classifier ML: bukan PETIR (prob non-PETIR=91%)  dur=131ms  fault_count=2  — penyebab spesifik belum dapat ditentukan (LAYANG/POHON/HEWAN/BENDA ASING butuh lebih banyak data latih).,GITET 500kV BOYOLALI,UNKNOWN,single_pole,B,130.50779724121094,2,8853.396484375,1.3033994741363986,,0.6752843333837273,,,"C:\Users\hafizna.fadhli\Downloads\36. DFR GANGGUAN UIT JBT\raw_data\UPT SALATIGA\2025\05. MEI\20250517_GITET BOYOLALI_BAY UNGARAN_BENDA ASING\BOYOLALI\Eksternal\250517,043739206,+7h0,GITET 500kV BOYOLALI,UNGARAN 1-2,Qualitrol LLC.cfg"
386,UPT SALATIGA,2025,05. MEI,20250517_GITET BOYOLALI_BAY UNGARAN_BENDA ASING,"250517,042312968,+7h0,GITET UNGARAN,PEDAN - KRIAN I,Qualitrol LLC.cfg",BENDA ASING,PETIR (TRANSIEN),1.0,2,petir_decision_tree,"Classifier ML: probabilitas PETIR=100%  dur=298ms  fault_count=2  i0/i1=0.85  — gangguan transien, AR berhasil, tidak perlu crew lapangan. | [CATATAN: Tipe proteksi tidak teridentifikasi dari sinyal digital — diklasifikasikan berdasarkan analisis gelombang arus/tegangan saja. Verifikasi manual diperlukan.]",GITET UNGARAN,UNKNOWN,unknown,,298.1250305175781,2,27422.900390625,0.8547388781205244,,0.6194119473179711,,,"C:\Users\hafizna.fadhli\Downloads\36. DFR GANGGUAN UIT JBT\raw_data\UPT SALATIGA\2025\05. MEI\20250517_GITET BOYOLALI_BAY UNGARAN_BENDA ASING\UNGARAN\250517,042312968,+7h0,GITET UNGARAN,PEDAN - KRIAN I,Qualitrol LLC.cfg"
390,UPT SALATIGA,2025,05. MEI,20250531_GI NGUNTORONADi TRF1_GI Wonogiri TRF 1&2 Trip_PMT MACET 2 SS LOOPING,NORMAL.cfg,,NON-PETIR — PERLU INVESTIGASI,0.831,2,petir_decision_tree_non_petir,Classifier ML: bukan PETIR (prob non-PETIR=83%)  dur=1ms  fault_count=2  — penyebab spesifik belum dapat ditentukan (LAYANG/POHON/HEWAN/BENDA ASING butuh lebih banyak data latih).,GI WONOGIRI,UNKNOWN,unknown,A,0.5208328366279602,2,753.545166015625,0.030705853713989616,,6.468747222758553e-05,,,C:\Users\hafizna.fadhli\Downloads\36. DFR GANGGUAN UIT JBT\raw_data\UPT SALATIGA\2025\05. MEI\20250531_GI NGUNTORONADi TRF1_GI Wonogiri TRF 1&2 Trip_PMT MACET 2 SS LOOPING\WONOGIRI BAY RAYUM\2025-05-31 PHT WONOGIRI - RUM\NORMAL.cfg
391,UPT SALATIGA,2025,06. Juni,2025_06_25 Secang - temanggung #1 reclose_APPL POHON ROBOH,2025_06_25_secang-temanggung close.cfg,POHON,NON-PETIR — PERLU INVESTIGASI,1.0,2,petir_decision_tree_non_petir,Classifier ML: bukan PETIR (prob non-PETIR=100%)  dur=1ms  fault_count=2  — penyebab spesifik belum dapat ditentukan (LAYANG/POHON/HEWAN/BENDA ASING butuh lebih banyak data latih). | [CATATAN: Tipe proteksi tidak teridentifikasi dari sinyal digital — diklasifikasikan berdasarkan analisis gelombang arus/tegangan saja. Verifikasi manual diperlukan.],GI SECANG,UNKNOWN,unknown,B,0.8203089237213135,2,498.0306091308594,2.4613229168288453,,0.0002155881526599904,,,C:\Users\hafizna.fadhli\Downloads\36. DFR GANGGUAN UIT JBT\raw_data\UPT SALATIGA\2025\06. Juni\2025_06_25 Secang - temanggung #1 reclose_APPL POHON ROBOH\2025_06_25 Secang - temanggung #1 reclose_APPL POHON ROBOH\2025_06_25_secang-temanggung close.cfg
392,UPT SALATIGA,2025,06. Juni,2025_06_25 Secang - temanggung #1 reclose_APPL POHON ROBOH,2025_06_25_secang-temanggung trip.cfg,POHON,PETIR (TRANSIEN),1.0,2,petir_decision_tree,"Classifier ML: probabilitas PETIR=100%  dur=46ms  fault_count=1  i0/i1=0.04  — gangguan transien, AR berhasil, tidak perlu crew lapangan. | [CATATAN: Tipe proteksi tidak teridentifikasi dari sinyal digital — diklasifikasikan berdasarkan analisis gelombang arus/tegangan saja. Verifikasi manual diperlukan.]",GI SECANG,UNKNOWN,unknown,,46.015621185302734,1,1699.8533935546875,0.03825298488490827,,0.1413355436655485,,,C:\Users\hafizna.fadhli\Downloads\36. DFR GANGGUAN UIT JBT\raw_data\UPT SALATIGA\2025\06. Juni\2025_06_25 Secang - temanggung #1 reclose_APPL POHON ROBOH\2025_06_25 Secang - temanggung #1 reclose_APPL POHON ROBOH\2025_06_25_secang-temanggung trip.cfg
393,UPT SALATIGA,2025,07. JULI,2025_07_06 PURWOREJO - WALIN #1 RECLOSE_ HEWAN ULAR,2025-07-06-04-28-57-256_034(0)_S.cfg,HEWAN,PETIR (TRANSIEN),1.0,2,petir_decision_tree,"Classifier ML: probabilitas PETIR=100%  dur=70ms  fault_count=2  i0/i1=1.15  — gangguan transien, AR berhasil, tidak perlu crew lapangan.",CSC101M1,Z1,single_pole,B,70.0,2,9.642569541931152,1.1477513221460818,,0.45185756935588084,,,C:\Users\hafizna.fadhli\Downloads\36. DFR GANGGUAN UIT JBT\raw_data\UPT SALATIGA\2025\07. JULI\2025_07_06 PURWOREJO - WALIN #1 RECLOSE_ HEWAN ULAR\PURWOREJO BAY WALIN #2\RECLOSE WALINT 2 06072025\2025-07-06-04-28-57-256_034(0)_S.cfg
396,UPT SALATIGA,2025,09. SEPTEMBER,20250902_SUTT KENTUNGAN-SANGGRAHAN RELCOSE_LAYANG-LAYANG,"250902,190425878,0h0,GI SANGGRAHAN,MDARI-KNTUG,Qualitrol LLC.cfg",LAYANG-LAYANG,NON-PETIR — PERLU INVESTIGASI,0.831,2,petir_decision_tree_non_petir,Classifier ML: bukan PETIR (prob non-PETIR=83%)  dur=52ms  fault_count=1  — penyebab spesifik belum dapat ditentukan (LAYANG/POHON/HEWAN/BENDA ASING butuh lebih banyak data latih).,GI SANGGRAHAN,UNKNOWN,unknown,,51.8750114440918,1,1809.30419921875,0.0015008147847426349,,0.002371000725495279,,,"C:\Users\hafizna.fadhli\Downloads\36. DFR GANGGUAN UIT JBT\raw_data\UPT SALATIGA\2025\09. SEPTEMBER\20250902_SUTT KENTUNGAN-SANGGRAHAN RELCOSE_LAYANG-LAYANG\GI SANGGRAHAN BAY KENTUNGAN\250902,190425878,0h0,GI SANGGRAHAN,MDARI-KNTUG,Qualitrol LLC.cfg"
398,UPT SALATIGA,2025,09. SEPTEMBER,20250902_SUTT KENTUNGAN-SANGGRAHAN RELCOSE_LAYANG-LAYANG,Rekaman_1.cfg,LAYANG-LAYANG,GANGGUAN PERMANEN,0.75,1,three_pole_failed_reclose,"trip_type=three_pole, reclose_successful=False - gangguan permanen 3-fasa, AR gagal. Diduga kerusakan mekanik/konduktor, perlu investigasi lapangan.",CSC101M1,Z1,three_pole,A+B+C,43.333335876464844,1,1.5395699739456177,0.9893052615637101,False,0.8297133352630867,,,C:\Users\hafizna.fadhli\Downloads\36. DFR GANGGUAN UIT JBT\raw_data\UPT SALATIGA\2025\09. SEPTEMBER\20250902_SUTT KENTUNGAN-SANGGRAHAN RELCOSE_LAYANG-LAYANG\GI SANGGRAHAN BAY KENTUNGAN\Rekaman_1.cfg
399,UPT SALATIGA,2025,09. SEPTEMBER,20250902_SUTT KENTUNGAN-SANGGRAHAN RELCOSE_LAYANG-LAYANG,Rekaman_2.cfg,LAYANG-LAYANG,GANGGUAN PERMANEN,0.75,1,three_pole_failed_reclose,"trip_type=three_pole, reclose_successful=False - gangguan permanen 3-fasa, AR gagal. Diduga kerusakan mekanik/konduktor, perlu investigasi lapangan.",CSC101M1,Z1,three_pole,A+B+C,43.333335876464844,1,1.6908260583877563,0.9985272476784188,False,0.9154068466487421,,,C:\Users\hafizna.fadhli\Downloads\36. DFR GANGGUAN UIT JBT\raw_data\UPT SALATIGA\2025\09. SEPTEMBER\20250902_SUTT KENTUNGAN-SANGGRAHAN RELCOSE_LAYANG-LAYANG\GI SANGGRAHAN BAY KENTUNGAN\Rekaman_2.cfg
400,UPT SALATIGA,2025,09. SEPTEMBER,20250902_SUTT KENTUNGAN-SANGGRAHAN RELCOSE_LAYANG-LAYANG,Rekaman_3.cfg,LAYANG-LAYANG,GANGGUAN PERMANEN,0.75,1,three_pole_failed_reclose,"trip_type=three_pole, reclose_successful=False - gangguan permanen 3-fasa, AR gagal. Diduga kerusakan mekanik/konduktor, perlu investigasi lapangan.",CSC101M1,Z1,three_pole,A+B+C,43.333335876464844,1,2.025749921798706,1.0034350979489213,False,0.8995988761143375,,,C:\Users\hafizna.fadhli\Downloads\36. DFR GANGGUAN UIT JBT\raw_data\UPT SALATIGA\2025\09. SEPTEMBER\20250902_SUTT KENTUNGAN-SANGGRAHAN RELCOSE_LAYANG-LAYANG\GI SANGGRAHAN BAY KENTUNGAN\Rekaman_3.cfg
401,UPT SALATIGA,2025,10. OKTOBER,17_10_2025_GI PEDAN-KLATEN 1 2_Tower Roboh,25.10.17 19.19.03.000.000.CFG,KONDUKTOR,KONDUKTOR / KERUSAKAN PERALATAN,0.85,1,fault_on_reclose_phase_change,"fault_count=4, fasa=A+B, dur=277ms - perubahan fasa saat AR, diduga kerusakan mekanik (konduktor/tower). Periksa timing antar gangguan sebelum menyimpulkan.",BAY PEDAN 2,Z1,unknown,A+B,276.55596923828125,4,8077.5498046875,1.2699853753741197,,0.8533599637216182,,,C:\Users\hafizna.fadhli\Downloads\36. DFR GANGGUAN UIT JBT\raw_data\UPT SALATIGA\2025\10. OKTOBER\17_10_2025_GI PEDAN-KLATEN 1 2_Tower Roboh\25.10.17 19.19.03.000.000.CFG
402,UPT SALATIGA,2025,10. OKTOBER,17_10_2025_GI PEDAN-KLATEN 1 2_Tower Roboh,"251017,180104009,UTC,,P443 BAY PEDAN 1,GE.cfg",KONDUKTOR,NON-PETIR — PERLU INVESTIGASI,1.0,2,petir_decision_tree_non_petir,Classifier ML: bukan PETIR (prob non-PETIR=100%)  dur=100ms  fault_count=1  — penyebab spesifik belum dapat ditentukan (LAYANG/POHON/HEWAN/BENDA ASING butuh lebih banyak data latih).,BAY PEDAN 1,Z1,single_pole,B,100.385009765625,1,2402.93994140625,1.0021997493671748,,-0.004607825047012504,,,"C:\Users\hafizna.fadhli\Downloads\36. DFR GANGGUAN UIT JBT\raw_data\UPT SALATIGA\2025\10. OKTOBER\17_10_2025_GI PEDAN-KLATEN 1 2_Tower Roboh\Relai Distance Bay Pedan 1\251017,180104009,UTC,,P443 BAY PEDAN 1,GE.cfg"
403,UPT SALATIGA,2025,10. OKTOBER,17_10_2025_GI PEDAN-KLATEN 1 2_Tower Roboh,20251017_111903_126_r103.cfg,KONDUKTOR,KONDUKTOR / KERUSAKAN PERALATAN,0.85,1,fault_on_reclose_phase_change,"fault_count=4, fasa=A+B, dur=277ms - perubahan fasa saat AR, diduga kerusakan mekanik (konduktor/tower). Periksa timing antar gangguan sebelum menyimpulkan.",BAY PEDAN 2,Z1,unknown,A+B,276.55596923828125,4,8077.34814453125,1.2699853781885488,,0.8533599652915906,,,C:\Users\hafizna.fadhli\Downloads\36. DFR GANGGUAN UIT JBT\raw_data\UPT SALATIGA\2025\10. OKTOBER\17_10_2025_GI PEDAN-KLATEN 1 2_Tower Roboh\Rele Distance GI Klaten Bay Pedan 2\20251017_111903_126_r103.cfg
404,UPT SALATIGA,2026,01. Januari,05_01_2026 SUTT MEDARI - SANGGRAHAN RECLOSE,"260105,131735118,0h0,GI SANGGRAHAN,MDARI-KNTUG,Qualitrol LLC.cfg",,PETIR (TRANSIEN),1.0,2,petir_decision_tree,"Classifier ML: probabilitas PETIR=100%  dur=48ms  fault_count=2  i0/i1=0.70  — gangguan transien, AR berhasil, tidak perlu crew lapangan. | [CATATAN: Tipe proteksi tidak teridentifikasi dari sinyal digital — diklasifikasikan berdasarkan analisis gelombang arus/tegangan saja. Verifikasi manual diperlukan.]",GI SANGGRAHAN,UNKNOWN,unknown,B,47.5,2,10604.125022888184,0.7040940817373393,,0.7965509452051219,,,"C:\Users\hafizna.fadhli\Downloads\36. DFR GANGGUAN UIT JBT\raw_data\UPT SALATIGA\2026\01. Januari\05_01_2026 SUTT MEDARI - SANGGRAHAN RECLOSE\260105,131735118,0h0,GI SANGGRAHAN,MDARI-KNTUG,Qualitrol LLC.cfg"
405,UPT SALATIGA,2026,01. Januari,05_01_2026 SUTT MEDARI - SANGGRAHAN RECLOSE,PCS900_RCD_01588_20260105_133737_318_f.cfg,,GANGGUAN PERMANEN,0.9,1,explicit_failed_reclose,"reclose_successful=False - gangguan permanen, AR gagal. Penyebab spesifik belum dapat ditentukan dari rekaman ini. Kirim tim lapangan.",NR,UNKNOWN,single_pole,B,56.66667175292969,1,17.176494598388672,0.6885713000356288,False,0.8871711398784496,,,C:\Users\hafizna.fadhli\Downloads\36. DFR GANGGUAN UIT JBT\raw_data\UPT SALATIGA\2026\01. Januari\05_01_2026 SUTT MEDARI - SANGGRAHAN RECLOSE\PCS900_RCD_01588_20260105_133737_318_f.cfg
406,UPT SALATIGA,2026,01. Januari,2026_01_17_Wates-Purworejo #1 & #2 reclose,20250117 Reclose Purworejo - Wates 1.cfg,,PETIR (TRANSIEN),1.0,2,petir_decision_tree,"Classifier ML: probabilitas PETIR=100%  dur=0ms  fault_count=2  i0/i1=0.42  — gangguan transien, AR berhasil, tidak perlu crew lapangan.",GI PURWOREJO,UNKNOWN,single_pole,B,0.3124922513961792,2,4421.31640625,0.41506547546759764,,0.6122467830136673,,,C:\Users\hafizna.fadhli\Downloads\36. DFR GANGGUAN UIT JBT\raw_data\UPT SALATIGA\2026\01. Januari\2026_01_17_Wates-Purworejo #1 & #2 reclose\20250117 Reclose Purworejo - Wates 1.cfg
407,UPT SALATIGA,2026,01. Januari,2026_01_17_Wates-Purworejo #1 & #2 reclose,"220117,120033250,+7h0,GI WATES,BANTUL1 - PWRJO1,Qualitrol LLC.cfg",,NON-PETIR — PERLU INVESTIGASI,1.0,2,petir_decision_tree_non_petir,Classifier ML: bukan PETIR (prob non-PETIR=100%)  dur=7ms  fault_count=2  — penyebab spesifik belum dapat ditentukan (LAYANG/POHON/HEWAN/BENDA ASING butuh lebih banyak data latih). | [CATATAN: Tipe proteksi tidak teridentifikasi dari sinyal digital — diklasifikasikan berdasarkan analisis gelombang arus/tegangan saja. Verifikasi manual diperlukan.],GI WATES,UNKNOWN,unknown,A+B+C,6.953149795532227,2,365.4960632324219,0.6299634004925011,,0.8657617685071614,,,"C:\Users\hafizna.fadhli\Downloads\36. DFR GANGGUAN UIT JBT\raw_data\UPT SALATIGA\2026\01. Januari\2026_01_17_Wates-Purworejo #1 & #2 reclose\220117,120033250,+7h0,GI WATES,BANTUL1 - PWRJO1,Qualitrol LLC.cfg"
409,UPT SALATIGA,2026,02. Februari,20260209_SUTT BANTUL - SEMANU #1 & #2 RECLOSE_PETIR),20260209 Reclose Semanu - Bantul 1 Internal Relay.CFG,PETIR,GANGGUAN PERMANEN,0.75,1,three_pole_failed_reclose,"trip_type=three_pole, reclose_successful=False - gangguan permanen 3-fasa, AR gagal. Diduga kerusakan mekanik/konduktor, perlu investigasi lapangan.",NR,UNKNOWN,three_pole,A+B+C,60.833335876464844,1,3.498371124267578,1.5163220269918367,False,0.8283353928346916,,,C:\Users\hafizna.fadhli\Downloads\36. DFR GANGGUAN UIT JBT\raw_data\UPT SALATIGA\2026\02. Februari\20260209_SUTT BANTUL - SEMANU #1 & #2 RECLOSE_PETIR)\20260209 Reclose Semanu - Bantul 1 Internal Relay.CFG
410,UPT SALATIGA,2026,02. Februari,20260209_SUTT BANTUL - SEMANU #1 & #2 RECLOSE_PETIR),"260209,125934830,+7h0,GI SEMANU,BANTUL 1-2,Qualitrol LLC.cfg",PETIR,PETIR (TRANSIEN),1.0,2,petir_decision_tree,"Classifier ML: probabilitas PETIR=100%  dur=55ms  fault_count=2  i0/i1=1.55  — gangguan transien, AR berhasil, tidak perlu crew lapangan. | [CATATAN: Tipe proteksi tidak teridentifikasi dari sinyal digital — diklasifikasikan berdasarkan analisis gelombang arus/tegangan saja. Verifikasi manual diperlukan.]",GI SEMANU,UNKNOWN,three_pole,A+B+C,55.00000762939453,2,1511.114013671875,1.5493378122826997,,0.517447167414977,,,"C:\Users\hafizna.fadhli\Downloads\36. DFR GANGGUAN UIT JBT\raw_data\UPT SALATIGA\2026\02. Februari\20260209_SUTT BANTUL - SEMANU #1 & #2 RECLOSE_PETIR)\260209,125934830,+7h0,GI SEMANU,BANTUL 1-2,Qualitrol LLC.cfg"
411,UPT SALATIGA,2026,02. Februari,20260209_SUTT BANTUL - SEMANU #1 & #2 RECLOSE_PETIR),"260209,130121218,+7h0,GI BANTUL,SEMANU 1-2,Qualitrol LLC.cfg",PETIR,PETIR (TRANSIEN),1.0,2,petir_decision_tree,"Classifier ML: probabilitas PETIR=100%  dur=66ms  fault_count=1  i0/i1=0.36  — gangguan transien, AR berhasil, tidak perlu crew lapangan.",GI BANTUL,UNKNOWN,three_pole,A+B+C,66.25,1,4316.01416015625,0.362128725031564,,0.2148601875715157,,,"C:\Users\hafizna.fadhli\Downloads\36. DFR GANGGUAN UIT JBT\raw_data\UPT SALATIGA\2026\02. Februari\20260209_SUTT BANTUL - SEMANU #1 & #2 RECLOSE_PETIR)\260209,130121218,+7h0,GI BANTUL,SEMANU 1-2,Qualitrol LLC.cfg"
412,UPT SALATIGA,2026,02. Februari,20260209_SUTT BANTUL - SEMANU #1 & #2 RECLOSE_PETIR),20260209_125935_326_r066.cfg,PETIR,PETIR (TRANSIEN),1.0,2,petir_decision_tree,"Classifier ML: probabilitas PETIR=100%  dur=80ms  fault_count=2  i0/i1=0.38  — gangguan transien, AR berhasil, tidak perlu crew lapangan.",BAY SEMANU 2,Z1,three_pole,A+B+C,79.96797180175781,2,3443.368896484375,0.37728776450364093,,0.47305872663397625,,,C:\Users\hafizna.fadhli\Downloads\36. DFR GANGGUAN UIT JBT\raw_data\UPT SALATIGA\2026\02. Februari\20260209_SUTT BANTUL - SEMANU #1 & #2 RECLOSE_PETIR)\GI Bantul Bay Semanu 2 DFR Relay\20260209_125935_326_r066.cfg
413,UPT SALATIGA,2026,02. Februari,2026_02_19_SUTT PEDAN - WONOSARI #1 Reclose_PETIR,"260219,080448110,+7h0,GI WONOSARI,PEDAN 1-2,Qualitrol LLC.cfg",PETIR,KONDUKTOR / KERUSAKAN PERALATAN,0.85,1,fault_on_reclose_phase_change,"fault_count=42, fasa=A+B, dur=472ms - perubahan fasa saat AR, diduga kerusakan mekanik (konduktor/tower). Periksa timing antar gangguan sebelum menyimpulkan. | [CATATAN: Tipe proteksi tidak teridentifikasi dari sinyal digital — diklasifikasikan berdasarkan analisis gelombang arus/tegangan saja. Verifikasi manual diperlukan.]",GI WONOSARI,UNKNOWN,unknown,A+B,471.9921569824219,42,1214.268798828125,0.022782012732977586,True,0.18752076159827977,,,"C:\Users\hafizna.fadhli\Downloads\36. DFR GANGGUAN UIT JBT\raw_data\UPT SALATIGA\2026\02. Februari\2026_02_19_SUTT PEDAN - WONOSARI #1 Reclose_PETIR\260219,080448110,+7h0,GI WONOSARI,PEDAN 1-2,Qualitrol LLC.cfg"
414,UPT SALATIGA,2026,02. Februari,2026_02_19_SUTT PEDAN - WONOSARI #1 Reclose_PETIR,PEDAN-WONOSARI #1 Internal.CFG,PETIR,PETIR (TRANSIEN),1.0,2,petir_decision_tree,"Classifier ML: probabilitas PETIR=100%  dur=66ms  fault_count=1  i0/i1=0.62  — gangguan transien, AR berhasil, tidak perlu crew lapangan.",NR,UNKNOWN,single_pole,B,65.83332824707031,1,15823.6181640625,0.6219195090284199,True,0.5170123226998237,,,C:\Users\hafizna.fadhli\Downloads\36. DFR GANGGUAN UIT JBT\raw_data\UPT SALATIGA\2026\02. Februari\2026_02_19_SUTT PEDAN - WONOSARI #1 Reclose_PETIR\PEDAN-WONOSARI #1 Internal.CFG
415,UPT SALATIGA,2026,02. Februari,2026_02_19_SUTT PEDAN - WONOSARI #1 Reclose_PETIR,ZQA4.cfg,PETIR,PETIR (TRANSIEN),1.0,2,petir_decision_tree,"Classifier ML: probabilitas PETIR=100%  dur=180ms  fault_count=3  i0/i1=0.62  — gangguan transien, AR berhasil, tidak perlu crew lapangan.",GI PEDAN,UNKNOWN,unknown,,179.79165649414062,3,13354.9267578125,0.6192920634210797,,0.5041039441365428,,,C:\Users\hafizna.fadhli\Downloads\36. DFR GANGGUAN UIT JBT\raw_data\UPT SALATIGA\2026\02. Februari\2026_02_19_SUTT PEDAN - WONOSARI #1 Reclose_PETIR\ZQA4.cfg
416,UPT SEMARANG,2022,05. MEI,20220520 UNGARAN - KRIAN,Friday 20 May 2022 17.22.15.000.CFG,,PETIR (TRANSIEN),1.0,2,petir_decision_tree,"Classifier ML: probabilitas PETIR=100%  dur=100ms  fault_count=1  i0/i1=0.34  — gangguan transien, AR berhasil, tidak perlu crew lapangan.",BAY KRIAN,Z2,single_pole,C,99.68301391601562,1,4700.923828125,0.3373135475502375,,0.1072847653323919,,,C:\Users\hafizna.fadhli\Downloads\36. DFR GANGGUAN UIT JBT\raw_data\UPT SEMARANG\2022\05. MEI\20220520 UNGARAN - KRIAN\20220520 Ungaran - Krian (Internal)\Friday 20 May 2022 17.22.15.000.CFG
417,UPT SEMARANG,2022,06. JUNI,20220626 PURWODADI - KEDUNGOMBO 2,ggn kdo 2.CFG,,PETIR (TRANSIEN),1.0,2,petir_decision_tree,"Classifier ML: probabilitas PETIR=100%  dur=105ms  fault_count=1  i0/i1=0.93  — gangguan transien, AR berhasil, tidak perlu crew lapangan.",PWDD_28012013 / GI PURWODADI   E08+WR1_OHL_TO_KD_OMBO2   E08_F211_7SA522,UNKNOWN,single_pole,A,105.0,1,19.92500114440918,0.9251051857621859,,0.6114161695456439,,,C:\Users\hafizna.fadhli\Downloads\36. DFR GANGGUAN UIT JBT\raw_data\UPT SEMARANG\2022\06. JUNI\20220626 PURWODADI - KEDUNGOMBO 2\20220626 DFR GGN PWD-KDO2\20220626 DFR GGN PWD-KDO2\bay kdo 2 20220626\bay kdo 2 20220626\ggn kdo 2.CFG
423,UPT SEMARANG,2022,09. OKTOBER,20221021 Reclose SUTT Sayung - Bawen 1,"221021,055554190,+7h0,GI 150KV SAYUNG,TAMBAK LOROK 1-2,Qualitrol LLC.cfg",,PETIR (TRANSIEN),1.0,2,petir_decision_tree,"Classifier ML: probabilitas PETIR=100%  dur=58ms  fault_count=2  i0/i1=0.60  — gangguan transien, AR berhasil, tidak perlu crew lapangan.",GI 150KV SAYUNG,UNKNOWN,single_pole,A,57.500003814697266,2,5516.576766967773,0.6045658019721691,,0.04372663028667464,,,"C:\Users\hafizna.fadhli\Downloads\36. DFR GANGGUAN UIT JBT\raw_data\UPT SEMARANG\2022\09. OKTOBER\20221021 Reclose SUTT Sayung - Bawen 1\DFR EKSTERNAL\DFR EKSTERNAL\221021,055554190,+7h0,GI 150KV SAYUNG,TAMBAK LOROK 1-2,Qualitrol LLC.cfg"
424,UPT SEMARANG,2023,01. JANUARI 2023,"20230117 RECLOSE SUKSES KALIWUNGU - WELERI 1,2",ZQ363.cfg,,PETIR (TRANSIEN),1.0,2,petir_decision_tree,"Classifier ML: probabilitas PETIR=100%  dur=89ms  fault_count=3  i0/i1=0.22  — gangguan transien, AR berhasil, tidak perlu crew lapangan. | [CATATAN: Tipe proteksi tidak teridentifikasi dari sinyal digital — diklasifikasikan berdasarkan analisis gelombang arus/tegangan saja. Verifikasi manual diperlukan.]",GI 150 kV WELERI,UNKNOWN,three_pole,A+B+C,88.54167175292969,3,8238.0703125,0.21544212445079547,,0.6802509079437687,,,"C:\Users\hafizna.fadhli\Downloads\36. DFR GANGGUAN UIT JBT\raw_data\UPT SEMARANG\2023\01. JANUARI 2023\20230117 RECLOSE SUKSES KALIWUNGU - WELERI 1,2\DFR\DFR\17-1-2023_WELERI_KALIWUNGU\ZQ363.cfg"
425,UPT SEMARANG,2023,01. JANUARI 2023,"20230117 RECLOSE SUKSES KALIWUNGU - WELERI 1,2",BAY KLU 1 PART 1 17 JAN 2023.CFG,,PETIR (TRANSIEN),1.0,2,petir_decision_tree,"Classifier ML: probabilitas PETIR=100%  dur=80ms  fault_count=2  i0/i1=0.21  — gangguan transien, AR berhasil, tidak perlu crew lapangan.",GI WELERI,Z1,three_pole,A+B+C,79.96800231933594,2,8464.2998046875,0.2060022699411178,,0.7461073445798708,,,"C:\Users\hafizna.fadhli\Downloads\36. DFR GANGGUAN UIT JBT\raw_data\UPT SEMARANG\2023\01. JANUARI 2023\20230117 RECLOSE SUKSES KALIWUNGU - WELERI 1,2\DFR\DFR\BAY KLU 1 PART 1 17 JAN 2023.CFG"
427,UPT SEMARANG,2023,01. JANUARI 2023,"20230117 RECLOSE SUKSES KALIWUNGU - WELERI 1,2",BAY KLU 1 PART 1 17 JAN 2023.CFG,,PETIR (TRANSIEN),1.0,2,petir_decision_tree,"Classifier ML: probabilitas PETIR=100%  dur=80ms  fault_count=2  i0/i1=0.21  — gangguan transien, AR berhasil, tidak perlu crew lapangan.",GI WELERI,Z1,three_pole,A+B+C,79.96800231933594,2,8464.2998046875,0.2060022699411178,,0.7461073445798708,,,"C:\Users\hafizna.fadhli\Downloads\36. DFR GANGGUAN UIT JBT\raw_data\UPT SEMARANG\2023\01. JANUARI 2023\20230117 RECLOSE SUKSES KALIWUNGU - WELERI 1,2\DFR\DFR\DFR BAY KLU 1 GI WELERI 17 JAN 2023\BAY KLU 1 PART 1 17 JAN 2023.CFG"
429,UPT SEMARANG,2023,01. JANUARI 2023,"20230117 RECLOSE SUKSES KALIWUNGU - WELERI 1,2",dr1.CFG,,PETIR (TRANSIEN),1.0,2,petir_decision_tree,"Classifier ML: probabilitas PETIR=100%  dur=68ms  fault_count=1  i0/i1=0.40  — gangguan transien, AR berhasil, tidak perlu crew lapangan.",WLERI-2,Z1,three_pole,A+B+C,68.3060302734375,1,8275.0576171875,0.39697597206649293,,0.6098994785849938,,,"C:\Users\hafizna.fadhli\Downloads\36. DFR GANGGUAN UIT JBT\raw_data\UPT SEMARANG\2023\01. JANUARI 2023\20230117 RECLOSE SUKSES KALIWUNGU - WELERI 1,2\DFR\DFR\Internal Kaliwungu - Weleri 2\DR weleri 2\dr1.CFG"
430,UPT SEMARANG,2023,01. JANUARI 2023,"20230117 RECLOSE SUKSES KALIWUNGU - WELERI 1,2",DR2.CFG,,PETIR (TRANSIEN),1.0,2,petir_decision_tree,"Classifier ML: probabilitas PETIR=100%  dur=0ms  fault_count=1  i0/i1=0.06  — gangguan transien, AR berhasil, tidak perlu crew lapangan. | [CATATAN: Tipe proteksi tidak teridentifikasi dari sinyal digital — diklasifikasikan berdasarkan analisis gelombang arus/tegangan saja. Verifikasi manual diperlukan.]",WLERI-2,UNKNOWN,unknown,A+B+C,0.0,1,62.965999603271484,0.05726567012832156,,0.005457387247509629,,,"C:\Users\hafizna.fadhli\Downloads\36. DFR GANGGUAN UIT JBT\raw_data\UPT SEMARANG\2023\01. JANUARI 2023\20230117 RECLOSE SUKSES KALIWUNGU - WELERI 1,2\DFR\DFR\Internal Kaliwungu - Weleri 2\DR weleri 2\DR2.CFG"
431,UPT SEMARANG,2023,01. JANUARI 2023,"20230117 RECLOSE SUKSES KALIWUNGU - WELERI 1,2",Tuesday 17 January 2023 12.21.29.000.CFG,,NON-PETIR — PERLU INVESTIGASI,0.907,2,petir_decision_tree_non_petir,Classifier ML: bukan PETIR (prob non-PETIR=91%)  dur=101ms  fault_count=2  — penyebab spesifik belum dapat ditentukan (LAYANG/POHON/HEWAN/BENDA ASING butuh lebih banyak data latih). | [CATATAN: Tipe proteksi tidak teridentifikasi dari sinyal digital — diklasifikasikan berdasarkan analisis gelombang arus/tegangan saja. Verifikasi manual diperlukan.],GI KALIWUNGU,UNKNOWN,unknown,,100.55699920654297,2,8904.08984375,1.268374596537801,True,0.7632754147851406,,,"C:\Users\hafizna.fadhli\Downloads\36. DFR GANGGUAN UIT JBT\raw_data\UPT SEMARANG\2023\01. JANUARI 2023\20230117 RECLOSE SUKSES KALIWUNGU - WELERI 1,2\DFR\DFR\Internal Kaliwungu - Weleri 2\Tuesday 17 January 2023 12.21.29.000.CFG"
432,UPT SEMARANG,2023,01. JANUARI 2023,"20230117 RECLOSE SUKSES KALIWUNGU - WELERI 1,2",BAY KLU 1 PART 1 17 JAN 2023.CFG,,PETIR (TRANSIEN),1.0,2,petir_decision_tree,"Classifier ML: probabilitas PETIR=100%  dur=80ms  fault_count=2  i0/i1=0.21  — gangguan transien, AR berhasil, tidak perlu crew lapangan.",GI WELERI,Z1,three_pole,A+B+C,79.96800231933594,2,8464.2998046875,0.2060022699411178,,0.7461073445798708,,,"C:\Users\hafizna.fadhli\Downloads\36. DFR GANGGUAN UIT JBT\raw_data\UPT SEMARANG\2023\01. JANUARI 2023\20230117 RECLOSE SUKSES KALIWUNGU - WELERI 1,2\DFR\DFR\Internal Weleri - Kaliwungu 1\BAY KLU 1 PART 1 17 JAN 2023.CFG"
434,UPT SEMARANG,2023,01. JANUARI 2023,"20230117 RECLOSE SUKSES KALIWUNGU - WELERI 1,2",BAY KLU 2 PART 1 17 JAN 2023.CFG,,PETIR (TRANSIEN),1.0,2,petir_decision_tree,"Classifier ML: probabilitas PETIR=100%  dur=80ms  fault_count=2  i0/i1=0.52  — gangguan transien, AR berhasil, tidak perlu crew lapangan.",GI WELERI,Z1,three_pole,A+B+C,79.96797180175781,2,4701.77490234375,0.5246687367902937,,0.7923752745704862,,,"C:\Users\hafizna.fadhli\Downloads\36. DFR GANGGUAN UIT JBT\raw_data\UPT SEMARANG\2023\01. JANUARI 2023\20230117 RECLOSE SUKSES KALIWUNGU - WELERI 1,2\DFR\DFR\Internal Weleri - Kaliwungu 2\BAY KLU 2 PART 1 17 JAN 2023.CFG"
435,UPT SEMARANG,2023,01. JANUARI 2023,"20230117 RECLOSE SUKSES KALIWUNGU - WELERI 1,2",BAY KLU 2 PART 2 17 JAN 2023.CFG,,PETIR (TRANSIEN),1.0,2,petir_decision_tree,"Classifier ML: probabilitas PETIR=100%  dur=0ms  fault_count=1  i0/i1=0.27  — gangguan transien, AR berhasil, tidak perlu crew lapangan. | [CATATAN: Tipe proteksi tidak teridentifikasi dari sinyal digital — diklasifikasikan berdasarkan analisis gelombang arus/tegangan saja. Verifikasi manual diperlukan.]",GI WELERI,UNKNOWN,unknown,A,0.0,1,27.625,0.2716933693047573,,-1.2118319446454129,,,"C:\Users\hafizna.fadhli\Downloads\36. DFR GANGGUAN UIT JBT\raw_data\UPT SEMARANG\2023\01. JANUARI 2023\20230117 RECLOSE SUKSES KALIWUNGU - WELERI 1,2\DFR\DFR\Internal Weleri - Kaliwungu 2\BAY KLU 2 PART 2 17 JAN 2023.CFG"
436,UPT SEMARANG,2023,01. JANUARI 2023,"20230117 RECLOSE SUKSES KALIWUNGU - WELERI 1,2",BAY KLU 2 PART 3 17 JAN 2023.CFG,,PETIR (TRANSIEN),1.0,2,petir_decision_tree,"Classifier ML: probabilitas PETIR=100%  dur=164ms  fault_count=1  i0/i1=0.72  — gangguan transien, AR berhasil, tidak perlu crew lapangan.",GI WELERI,Z3,unknown,A+B+C,164.24501037597656,1,3618.875,0.7219722914778947,,0.4110979381048514,,,"C:\Users\hafizna.fadhli\Downloads\36. DFR GANGGUAN UIT JBT\raw_data\UPT SEMARANG\2023\01. JANUARI 2023\20230117 RECLOSE SUKSES KALIWUNGU - WELERI 1,2\DFR\DFR\Internal Weleri - Kaliwungu 2\BAY KLU 2 PART 3 17 JAN 2023.CFG"
437,UPT SEMARANG,2023,01. JANUARI 2023,"20230117 RECLOSE SUKSES KALIWUNGU - WELERI 1,2","230117,125357125,UTC,,P443,Alstom Grid.cfg",,PETIR (TRANSIEN),1.0,2,petir_decision_tree,"Classifier ML: probabilitas PETIR=100%  dur=101ms  fault_count=2  i0/i1=0.17  — gangguan transien, AR berhasil, tidak perlu crew lapangan. | [CATATAN: Tipe proteksi tidak teridentifikasi dari sinyal digital — diklasifikasikan berdasarkan analisis gelombang arus/tegangan saja. Verifikasi manual diperlukan.]",GI KALIWUNGU,UNKNOWN,unknown,,100.5899887084961,2,12502.0654296875,0.17062966304542448,,0.7667256225913466,,,"C:\Users\hafizna.fadhli\Downloads\36. DFR GANGGUAN UIT JBT\raw_data\UPT SEMARANG\2023\01. JANUARI 2023\20230117 RECLOSE SUKSES KALIWUNGU - WELERI 1,2\DFR\DFR\Kaliwungu - Weleri 1\230117,125357125,UTC,,P443,Alstom Grid.cfg"
439,UPT SEMARANG,2023,01. JANUARI 2023,"20230117 RECLOSE SUKSES KALIWUNGU - WELERI 1,2",ZQ3.cfg,,PETIR (TRANSIEN),1.0,2,petir_decision_tree,"Classifier ML: probabilitas PETIR=100%  dur=105ms  fault_count=2  i0/i1=0.01  — gangguan transien, AR berhasil, tidak perlu crew lapangan. | [CATATAN: Tipe proteksi tidak teridentifikasi dari sinyal digital — diklasifikasikan berdasarkan analisis gelombang arus/tegangan saja. Verifikasi manual diperlukan.]",GI WALERI,UNKNOWN,unknown,A+B+C,105.05208587646484,2,5847.09619140625,0.007442140989249295,,0.24381008198881657,,,"C:\Users\hafizna.fadhli\Downloads\36. DFR GANGGUAN UIT JBT\raw_data\UPT SEMARANG\2023\01. JANUARI 2023\20230117 RECLOSE SUKSES KALIWUNGU - WELERI 1,2\DFR\DFR\Weleri -\ZQ3.cfg"
441,UPT SEMARANG,2023,01. JANUARI 2023,"20230117 RECLOSE SUKSES KALIWUNGU - WELERI 1,2",ZQ5.cfg,,PETIR (TRANSIEN),1.0,2,petir_decision_tree,"Classifier ML: probabilitas PETIR=100%  dur=25ms  fault_count=2  i0/i1=1.75  — gangguan transien, AR berhasil, tidak perlu crew lapangan. | [CATATAN: Tipe proteksi tidak teridentifikasi dari sinyal digital — diklasifikasikan berdasarkan analisis gelombang arus/tegangan saja. Verifikasi manual diperlukan.]",GI WALERI,UNKNOWN,unknown,B,24.791658401489258,2,34.52669906616211,1.752111028398377,,0.45728896250639334,,,"C:\Users\hafizna.fadhli\Downloads\36. DFR GANGGUAN UIT JBT\raw_data\UPT SEMARANG\2023\01. JANUARI 2023\20230117 RECLOSE SUKSES KALIWUNGU - WELERI 1,2\DFR\DFR\Weleri -\ZQ5.cfg"
443,UPT SEMARANG,2023,02. FEBRUARI 2023,20230204 Sayung - Tanjungjati 1,"230204,222232222,UTC,GI TANJUNG JATI,DISTANCE (P442),Schneider Electric.cfg",,PETIR (TRANSIEN),1.0,2,petir_decision_tree,"Classifier ML: probabilitas PETIR=100%  dur=80ms  fault_count=3  i0/i1=0.88  — gangguan transien, AR berhasil, tidak perlu crew lapangan.",BAY SAYUNG 1,Z2,single_pole,C,79.87200927734375,3,4897.6171875,0.8779820900317845,,0.05733514960911399,,,"C:\Users\hafizna.fadhli\Downloads\36. DFR GANGGUAN UIT JBT\raw_data\UPT SEMARANG\2023\02. FEBRUARI 2023\20230204 Sayung - Tanjungjati 1\32\230204,222232222,UTC,GI TANJUNG JATI,DISTANCE (P442),Schneider Electric.cfg"
446,UPT SEMARANG,2023,02. FEBRUARI 2023,20230221 BUSBAR GI KDO,Tuesday 21 February 2023 22.14.44.000.CFG,,PETIR (TRANSIEN),1.0,2,petir_decision_tree,"Classifier ML: probabilitas PETIR=100%  dur=83ms  fault_count=1  i0/i1=0.72  — gangguan transien, AR berhasil, tidak perlu crew lapangan.",MiCOM,Z1,unknown,,83.40901184082031,1,4521.953125,0.7222706715623501,,0.9097409940880918,,,C:\Users\hafizna.fadhli\Downloads\36. DFR GANGGUAN UIT JBT\raw_data\UPT SEMARANG\2023\02. FEBRUARI 2023\20230221 BUSBAR GI KDO\P746\1\DR\Tuesday 21 February 2023 22.14.44.000.CFG
448,UPT SEMARANG,2023,09. SEPTEMBER 2023,20230903 WELERI - NEW BATANG #1,"230903,032719257,+7h0,GI 150KV NEW BATANG,WELERI 1 - BATANG 2,Qualitrol LLC.cfg",,PETIR (TRANSIEN),1.0,2,petir_decision_tree,"Classifier ML: probabilitas PETIR=100%  dur=92ms  fault_count=2  i0/i1=0.83  — gangguan transien, AR berhasil, tidak perlu crew lapangan.",GI 150KV NEW BATANG,UNKNOWN,unknown,,91.52344512939453,2,9399.283409118652,0.8306834333836172,,0.2060872519910349,,,"C:\Users\hafizna.fadhli\Downloads\36. DFR GANGGUAN UIT JBT\raw_data\UPT SEMARANG\2023\09. SEPTEMBER 2023\20230903 WELERI - NEW BATANG #1\03_09_2023 DFR Eksternal N.Btg-Weleri 1\230903,032719257,+7h0,GI 150KV NEW BATANG,WELERI 1 - BATANG 2,Qualitrol LLC.cfg"
449,UPT SEMARANG,2023,09. SEPTEMBER 2023,20230903 WELERI - NEW BATANG #1,Weleri 1 GI New Batang.CFG,,PETIR (TRANSIEN),1.0,2,petir_decision_tree,"Classifier ML: probabilitas PETIR=100%  dur=76ms  fault_count=1  i0/i1=0.84  — gangguan transien, AR berhasil, tidak perlu crew lapangan.",GI Batang,UNKNOWN,single_pole,A,76.00003814697266,1,9826.3837890625,0.8352405547586041,,0.24882998107141138,,,C:\Users\hafizna.fadhli\Downloads\36. DFR GANGGUAN UIT JBT\raw_data\UPT SEMARANG\2023\09. SEPTEMBER 2023\20230903 WELERI - NEW BATANG #1\03_09_2023 DFR Internal New Batang - Weleri 1\Faul Record\03092023 WR1\Weleri 1 GI New Batang.CFG
450,UPT SEMARANG,2024,01. JANUARI 2024,20240102 RECLOSE PDPYUNG - PDLMPER 1,ZQA.cfg,,PETIR (TRANSIEN),1.0,2,petir_decision_tree,"Classifier ML: probabilitas PETIR=100%  dur=187ms  fault_count=1  i0/i1=0.93  — gangguan transien, AR berhasil, tidak perlu crew lapangan. | [CATATAN: Tipe proteksi tidak teridentifikasi dari sinyal digital — diklasifikasikan berdasarkan analisis gelombang arus/tegangan saja. Verifikasi manual diperlukan.]",GI 150 KV PUDAK PAYUNG,UNKNOWN,unknown,A+B+C,186.71876525878906,1,14335.4853515625,0.9300496767709048,,0.5218784502926626,,,C:\Users\hafizna.fadhli\Downloads\36. DFR GANGGUAN UIT JBT\raw_data\UPT SEMARANG\2024\01. JANUARI 2024\20240102 RECLOSE PDPYUNG - PDLMPER 1\02_01_2024 DFR Eksternal Payung - Lamper 1\ZQA.cfg
451,UPT SEMARANG,2024,01. JANUARI 2024,20240102 RECLOSE PDPYUNG - UNGARAN 2,ZQ2.cfg,,PETIR (TRANSIEN),1.0,2,petir_decision_tree,"Classifier ML: probabilitas PETIR=100%  dur=65ms  fault_count=2  i0/i1=0.36  — gangguan transien, AR berhasil, tidak perlu crew lapangan. | [CATATAN: Tipe proteksi tidak teridentifikasi dari sinyal digital — diklasifikasikan berdasarkan analisis gelombang arus/tegangan saja. Verifikasi manual diperlukan.]",GIS PUDAKPAYUNG,UNKNOWN,single_pole,C,65.26040649414062,2,4443.5859375,0.3626509344275075,True,0.42385094713289234,,,C:\Users\hafizna.fadhli\Downloads\36. DFR GANGGUAN UIT JBT\raw_data\UPT SEMARANG\2024\01. JANUARI 2024\20240102 RECLOSE PDPYUNG - UNGARAN 2\02_01_2024 DFR Eksternal Payung - Ungaran 2\ZQ2.cfg
452,UPT SEMARANG,2024,01. JANUARI 2024,20240102 RECLOSE PDPYUNG - UNGARAN 2,ZQ27.cfg,,PETIR (TRANSIEN),1.0,2,petir_decision_tree,"Classifier ML: probabilitas PETIR=100%  dur=75ms  fault_count=2  i0/i1=1.49  — gangguan transien, AR berhasil, tidak perlu crew lapangan.",GI 150 KV UNGARAN,UNKNOWN,unknown,,75.20833587646484,2,1521.07373046875,1.4850152843430042,,-0.0023630354935567613,,,C:\Users\hafizna.fadhli\Downloads\36. DFR GANGGUAN UIT JBT\raw_data\UPT SEMARANG\2024\01. JANUARI 2024\20240102 RECLOSE PDPYUNG - UNGARAN 2\02_01_2024 DFR Eksternal Ungaran - Payung 2\ZQ27.cfg
453,UPT SEMARANG,2024,01. JANUARI 2024,20240102 RECLOSE PDPYUNG - UNGARAN 2,Tuesday 02 January 2024 20.03.22.000.CFG,,PETIR (TRANSIEN),1.0,2,petir_decision_tree,"Classifier ML: probabilitas PETIR=100%  dur=101ms  fault_count=2  i0/i1=1.18  — gangguan transien, AR berhasil, tidak perlu crew lapangan.",MiCOM,UNKNOWN,unknown,,100.60102081298828,2,15781.6103515625,1.1790827673228534,True,0.725011714291033,,,C:\Users\hafizna.fadhli\Downloads\36. DFR GANGGUAN UIT JBT\raw_data\UPT SEMARANG\2024\01. JANUARI 2024\20240102 RECLOSE PDPYUNG - UNGARAN 2\02_01_2024 DFR Internal Payung - Ungaran 2\Tuesday 02 January 2024 20.03.22.000.CFG
454,UPT SEMARANG,2024,01. JANUARI 2024,20240103TRIP UNGARAN - NGIMBANG,"240103,033913474,+7h0,GITET UNGARAN,NGIMBANG-REACTOR,Qualitrol LLC.cfg",,PETIR (TRANSIEN),1.0,2,petir_decision_tree,"Classifier ML: probabilitas PETIR=100%  dur=9ms  fault_count=2  i0/i1=0.14  — gangguan transien, AR berhasil, tidak perlu crew lapangan. | [CATATAN: Tipe proteksi tidak teridentifikasi dari sinyal digital — diklasifikasikan berdasarkan analisis gelombang arus/tegangan saja. Verifikasi manual diperlukan.]",GITET UNGARAN,UNKNOWN,unknown,B,9.218751907348633,2,3709.701904296875,0.14117243031347598,,0.18606625588254164,,,"C:\Users\hafizna.fadhli\Downloads\36. DFR GANGGUAN UIT JBT\raw_data\UPT SEMARANG\2024\01. JANUARI 2024\20240103TRIP UNGARAN - NGIMBANG\240103,033913474,+7h0,GITET UNGARAN,NGIMBANG-REACTOR,Qualitrol LLC.cfg"
455,UPT SEMARANG,2024,01. JANUARI 2024,20240103TRIP UNGARAN - NGIMBANG,Wednesday 03 January 2024 03.50.02.000.CFG,,PETIR (TRANSIEN),1.0,2,petir_decision_tree,"Classifier ML: probabilitas PETIR=100%  dur=57ms  fault_count=2  i0/i1=0.34  — gangguan transien, AR berhasil, tidak perlu crew lapangan.",BAY KRIAN,Z2,unknown,A,57.003021240234375,2,4441.2958984375,0.3448770698725184,,0.18842359492791075,,,C:\Users\hafizna.fadhli\Downloads\36. DFR GANGGUAN UIT JBT\raw_data\UPT SEMARANG\2024\01. JANUARI 2024\20240103TRIP UNGARAN - NGIMBANG\DFR Internal Ungaran - Krian\Wednesday 03 January 2024 03.50.02.000.CFG
456,UPT SEMARANG,2024,01. JANUARI 2024,20240127 FINAL TRIP UNGARAN - WELERI 2,Saturday 27 January 2024 18.22.55.000.CFG,,PETIR (TRANSIEN),1.0,2,petir_decision_tree,"Classifier ML: probabilitas PETIR=100%  dur=80ms  fault_count=1  i0/i1=0.01  — gangguan transien, AR berhasil, tidak perlu crew lapangan.",MiCOM,Z1,unknown,C,79.96797180175781,1,5287.4248046875,0.012062061395335779,,0.38382197477764124,,,C:\Users\hafizna.fadhli\Downloads\36. DFR GANGGUAN UIT JBT\raw_data\UPT SEMARANG\2024\01. JANUARI 2024\20240127 FINAL TRIP UNGARAN - WELERI 2\DFR Internal Weleri - Ungaran 2\Gangguan UNG 2 GI Weleri 27012024\Saturday 27 January 2024 18.22.55.000.CFG
457,UPT SEMARANG,2024,01. JANUARI 2024,20240127 FINAL TRIP UNGARAN - WELERI 2,Saturday 27 January 2024 18.22.55.000.CFG,,PETIR (TRANSIEN),1.0,2,petir_decision_tree,"Classifier ML: probabilitas PETIR=100%  dur=80ms  fault_count=1  i0/i1=0.01  — gangguan transien, AR berhasil, tidak perlu crew lapangan.",MiCOM,Z1,unknown,C,79.96797180175781,1,5287.4248046875,0.012062061395335779,,0.38382197477764124,,,C:\Users\hafizna.fadhli\Downloads\36. DFR GANGGUAN UIT JBT\raw_data\UPT SEMARANG\2024\01. JANUARI 2024\20240127 FINAL TRIP UNGARAN - WELERI 2\DFR Internal Weleri - Ungaran 2\Saturday 27 January 2024 18.22.55.000.CFG
458,UPT SEMARANG,2024,02. FEBRUARI 2024,2024-02-05 RECLOSE UNGARAN - PEMALANG 1,Monday 05 February 2024 01.10.23.000.CFG,,PETIR (TRANSIEN),1.0,2,petir_decision_tree,"Classifier ML: probabilitas PETIR=100%  dur=48ms  fault_count=1  i0/i1=0.99  — gangguan transien, AR berhasil, tidak perlu crew lapangan.",MiCOM,Z1,unknown,,47.948001861572266,1,13757.25,0.9914531301615398,,0.263702939394257,,,C:\Users\hafizna.fadhli\Downloads\36. DFR GANGGUAN UIT JBT\raw_data\UPT SEMARANG\2024\02. FEBRUARI 2024\2024-02-05 RECLOSE UNGARAN - PEMALANG 1\GITET PEMALANG BAY UNGARAN 1\Monday 05 February 2024 01.10.23.000.CFG
459,UPT SEMARANG,2024,02. FEBRUARI 2024,2024-02-05 RECLOSE UNGARAN - PEMALANG 1,Monday 05 February 2024 01.06.45.000.CFG,,PETIR (TRANSIEN),1.0,2,petir_decision_tree,"Classifier ML: probabilitas PETIR=100%  dur=100ms  fault_count=1  i0/i1=1.02  — gangguan transien, AR berhasil, tidak perlu crew lapangan.",UNGAR-PEMALANG1,Z1+Z2,single_pole,B,99.97200775146484,1,22615.255859375,1.0220897834844365,,0.5848300241846579,,,C:\Users\hafizna.fadhli\Downloads\36. DFR GANGGUAN UIT JBT\raw_data\UPT SEMARANG\2024\02. FEBRUARI 2024\2024-02-05 RECLOSE UNGARAN - PEMALANG 1\GITET UNGARAN BAY PEMALANG 1\05-02-24 DFR INTERNAL MAIN A BAY PEMALANG 1\Monday 05 February 2024 01.06.45.000.CFG
460,UPT SEMARANG,2024,04. APRIL 2024,20240421_GI TANJUNGJATI_BAY JEPARA #2_PETIR,20240421.CFG,PETIR,PETIR (TRANSIEN),1.0,2,petir_decision_tree,"Classifier ML: probabilitas PETIR=100%  dur=80ms  fault_count=3  i0/i1=1.09  — gangguan transien, AR berhasil, tidak perlu crew lapangan.",JEPARA-TJ JATI 2,Z1,single_pole,C,80.06399536132812,3,5189.080078125,1.0940347741514873,True,0.41192416158902423,,,C:\Users\hafizna.fadhli\Downloads\36. DFR GANGGUAN UIT JBT\raw_data\UPT SEMARANG\2024\04. APRIL 2024\20240421_GI TANJUNGJATI_BAY JEPARA #2_PETIR\20240421 GI JEPARA BAY TANJUNGJATI 2\GIJPR BAY TJT2\20240421.CFG
461,UPT SEMARANG,2024,10. OKTOBER 2024,20241011_GI KUDUS_BAY JEPARA#2_ALUMINIUM FOIL,ZQ3A.cfg,,PETIR (TRANSIEN),1.0,2,petir_decision_tree,"Classifier ML: probabilitas PETIR=100%  dur=0ms  fault_count=1  i0/i1=0.02  — gangguan transien, AR berhasil, tidak perlu crew lapangan. | [CATATAN: Tipe proteksi tidak teridentifikasi dari sinyal digital — diklasifikasikan berdasarkan analisis gelombang arus/tegangan saja. Verifikasi manual diperlukan.]",GI KUDUS,UNKNOWN,unknown,,0.26044249534606934,1,1339.6358642578125,0.023572698179968057,,-0.002408479889247938,,,C:\Users\hafizna.fadhli\Downloads\36. DFR GANGGUAN UIT JBT\raw_data\UPT SEMARANG\2024\10. OKTOBER 2024\20241011_GI KUDUS_BAY JEPARA#2_ALUMINIUM FOIL\20241011 GI KUDUS BAY JEPARA#2\20241011 DFR EKSTERNAL GI KDS\20241011 DFR EKSTERNAL GI KDS\ZQ3A.cfg
464,UPT SEMARANG,2024,11. NOVEMBER 2024,20241121_GI JEPARA_BAY TANJUNGJATI#1_PETIR,24.11.21 11.55.31.000.000.CFG,PETIR,PETIR (TRANSIEN),1.0,2,petir_decision_tree,"Classifier ML: probabilitas PETIR=100%  dur=80ms  fault_count=2  i0/i1=0.78  — gangguan transien, AR berhasil, tidak perlu crew lapangan.",JEPARA LINE 1,Z1,single_pole,A,79.96803283691406,2,9264.3203125,0.7751096960396651,,0.2555494723490265,,,C:\Users\hafizna.fadhli\Downloads\36. DFR GANGGUAN UIT JBT\raw_data\UPT SEMARANG\2024\11. NOVEMBER 2024\20241121_GI JEPARA_BAY TANJUNGJATI#1_PETIR\20241121_GI TANJUNGJATI_BAY JEPARA#1_DFR\211124 Internal SISI Tjati\24.11.21 11.55.31.000.000.CFG
467,UPT SEMARANG,2024,12. DESEMBER 2024,20241228_GI KUDUS_BAY JEKULO#2_PETIR,ZQE.cfg,PETIR,NON-PETIR — PERLU INVESTIGASI,0.831,2,petir_decision_tree_non_petir,Classifier ML: bukan PETIR (prob non-PETIR=83%)  dur=8ms  fault_count=2  — penyebab spesifik belum dapat ditentukan (LAYANG/POHON/HEWAN/BENDA ASING butuh lebih banyak data latih). | [CATATAN: Tipe proteksi tidak teridentifikasi dari sinyal digital — diklasifikasikan berdasarkan analisis gelombang arus/tegangan saja. Verifikasi manual diperlukan.],GI KUDUS,UNKNOWN,unknown,A+B+C,7.7083258628845215,2,885.6098022460938,0.49027555317862614,,0.7397090106722904,,,C:\Users\hafizna.fadhli\Downloads\36. DFR GANGGUAN UIT JBT\raw_data\UPT SEMARANG\2024\12. DESEMBER 2024\20241228_GI KUDUS_BAY JEKULO#2_PETIR\20241228_GI KUDUS_BAY JEKULO#2_DFR\Eksternal 281224_Kudus Jekulo\ZQE.cfg
470,UPT SEMARANG,-,04. APRIL 2025_DFR_SMG,20250413_GITET UNGARAN BAY KRIAN (PETIR),LPA .CFG,PETIR,PETIR (TRANSIEN),1.0,2,petir_decision_tree,"Classifier ML: probabilitas PETIR=100%  dur=100ms  fault_count=1  i0/i1=1.06  — gangguan transien, AR berhasil, tidak perlu crew lapangan.",BAY KRIAN,Z1+Z2,single_pole,C,100.30699157714844,1,46655.703125,1.0591911443873205,,0.9252952255110236,,,C:\Users\hafizna.fadhli\Downloads\36. DFR GANGGUAN UIT JBT\raw_data\UPT SEMARANG\2025_DFR GANGGUAN\04. APRIL 2025_DFR_SMG\20250413_GITET UNGARAN BAY KRIAN (PETIR)\13_4_2025 DFR Internal Ungaran - Krian\LPA .CFG
471,UPT SEMARANG,-,04. APRIL 2025_DFR_SMG,20250413_GITET UNGARAN BAY KRIAN (PETIR),LPB.CFG,PETIR,PETIR (TRANSIEN),1.0,2,petir_decision_tree,"Classifier ML: probabilitas PETIR=100%  dur=49ms  fault_count=1  i0/i1=1.06  — gangguan transien, AR berhasil, tidak perlu crew lapangan.",GITET UNGARAN,Z1,unknown,,48.795997619628906,1,46683.32421875,1.0592961034803356,,0.9261090921632107,,,C:\Users\hafizna.fadhli\Downloads\36. DFR GANGGUAN UIT JBT\raw_data\UPT SEMARANG\2025_DFR GANGGUAN\04. APRIL 2025_DFR_SMG\20250413_GITET UNGARAN BAY KRIAN (PETIR)\13_4_2025 DFR Internal Ungaran - Krian\LPB.CFG
476,UPT SEMARANG,-,05. MEI_2025_DFR_SMG,26052025 TRIP UNGARAN- NGIMBANG,LPA Ngimbang.CFG,,PETIR (TRANSIEN),1.0,2,petir_decision_tree,"Classifier ML: probabilitas PETIR=100%  dur=9ms  fault_count=2  i0/i1=0.13  — gangguan transien, AR berhasil, tidak perlu crew lapangan. | [CATATAN: Tipe proteksi tidak teridentifikasi dari sinyal digital — diklasifikasikan berdasarkan analisis gelombang arus/tegangan saja. Verifikasi manual diperlukan.]",UNGARAN-KRIAN 2,UNKNOWN,unknown,B,9.173989295959473,2,2408.464111328125,0.12666078661741956,,0.47629828470409924,,,C:\Users\hafizna.fadhli\Downloads\36. DFR GANGGUAN UIT JBT\raw_data\UPT SEMARANG\2025_DFR GANGGUAN\05. MEI_2025_DFR_SMG\26052025 TRIP UNGARAN- NGIMBANG\LPA\LPA Ngimbang.CFG
482,UPT SEMARANG,-,08. AGUSTUS_2025_DFR_SMG,19082025 TRIP INCOMING#2 GI PANDEANLAMPER,Tuesday 19 August 2025 10.56.19.000.CFG,,PETIR (TRANSIEN),1.0,2,petir_decision_tree,"Classifier ML: probabilitas PETIR=100%  dur=80ms  fault_count=1  i0/i1=0.06  — gangguan transien, AR berhasil, tidak perlu crew lapangan. | [CATATAN: Tipe proteksi tidak teridentifikasi dari sinyal digital — diklasifikasikan berdasarkan analisis gelombang arus/tegangan saja. Verifikasi manual diperlukan.]",MiCOM,UNKNOWN,unknown,,79.56004333496094,1,14064.103515625,0.05719992909595883,,-0.002205661066355558,,,C:\Users\hafizna.fadhli\Downloads\36. DFR GANGGUAN UIT JBT\raw_data\UPT SEMARANG\2025_DFR GANGGUAN\08. AGUSTUS_2025_DFR_SMG\19082025 TRIP INCOMING#2 GI PANDEANLAMPER\Tuesday 19 August 2025 10.56.19.000.CFG
487,UPT SEMARANG,-,09.SEPTEMBER_2025_DFR_SMG,27092025 Sayung - Tambakorok#1,1.CFG,,PETIR (TRANSIEN),1.0,2,petir_decision_tree,"Classifier ML: probabilitas PETIR=100%  dur=1297ms  fault_count=5  i0/i1=0.92  — gangguan transien, AR berhasil, tidak perlu crew lapangan. | [CATATAN: Tipe proteksi tidak teridentifikasi dari sinyal digital — diklasifikasikan berdasarkan analisis gelombang arus/tegangan saja. Verifikasi manual diperlukan.]",GI SAYUNG,UNKNOWN,three_pole,A+B+C,1296.9998779296875,5,24444.1953125,0.9177478265027422,True,0.7037524039527775,,,C:\Users\hafizna.fadhli\Downloads\36. DFR GANGGUAN UIT JBT\raw_data\UPT SEMARANG\2025_DFR GANGGUAN\09.SEPTEMBER_2025_DFR_SMG\27092025 Sayung - Tambakorok#1\Internal sisi sayung\1.CFG
488,UPT SEMARANG,-,09.SEPTEMBER_2025_DFR_SMG,27092025 Sayung - Tambakorok#1,2.CFG,,PETIR (TRANSIEN),1.0,2,petir_decision_tree,"Classifier ML: probabilitas PETIR=100%  dur=157ms  fault_count=3  i0/i1=0.91  — gangguan transien, AR berhasil, tidak perlu crew lapangan. | [CATATAN: Tipe proteksi tidak teridentifikasi dari sinyal digital — diklasifikasikan berdasarkan analisis gelombang arus/tegangan saja. Verifikasi manual diperlukan.]",GI SAYUNG,UNKNOWN,three_pole,A+B+C,157.0,3,24444.1953125,0.9118285398348777,True,0.31214980144118293,,,C:\Users\hafizna.fadhli\Downloads\36. DFR GANGGUAN UIT JBT\raw_data\UPT SEMARANG\2025_DFR GANGGUAN\09.SEPTEMBER_2025_DFR_SMG\27092025 Sayung - Tambakorok#1\Internal sisi sayung\2.CFG
490,UPT SEMARANG,-,10. OKTOBER_2025_DFR_SMG,13102025 TANJUNGJATI-SAYUNG#1 DAN JEPARA-KUDUS#2,"251013,171432522,UTC,,P442,Schneider Electric.cfg",,PETIR (TRANSIEN),1.0,2,petir_decision_tree,"Classifier ML: probabilitas PETIR=100%  dur=80ms  fault_count=5  i0/i1=0.04  — gangguan transien, AR berhasil, tidak perlu crew lapangan.",BAY KUDUS 2,Z1,three_pole,A+B+C,79.92195892333984,5,1661.9200439453125,0.039633606294944786,True,0.16531424556742408,,,"C:\Users\hafizna.fadhli\Downloads\36. DFR GANGGUAN UIT JBT\raw_data\UPT SEMARANG\2025_DFR GANGGUAN\10. OKTOBER_2025_DFR_SMG\13102025 TANJUNGJATI-SAYUNG#1 DAN JEPARA-KUDUS#2\JEPARA-KUDUS#2\jepara\251013,171432522,UTC,,P442,Schneider Electric.cfg"
491,UPT SEMARANG,-,10. OKTOBER_2025_DFR_SMG,13102025 TANJUNGJATI-SAYUNG#1 DAN JEPARA-KUDUS#2,25.10.13 17.08.54.000.000.CFG,,PETIR (TRANSIEN),1.0,2,petir_decision_tree,"Classifier ML: probabilitas PETIR=100%  dur=80ms  fault_count=3  i0/i1=1.03  — gangguan transien, AR berhasil, tidak perlu crew lapangan.",BAY SAYUNG 1,Z1,single_pole,B,79.96797180175781,3,22084.85546875,1.029857057878481,,0.4172579589899804,,,C:\Users\hafizna.fadhli\Downloads\36. DFR GANGGUAN UIT JBT\raw_data\UPT SEMARANG\2025_DFR GANGGUAN\10. OKTOBER_2025_DFR_SMG\13102025 TANJUNGJATI-SAYUNG#1 DAN JEPARA-KUDUS#2\TANJUNGJATI - SAYUNG#1\SAYUNG\25.10.13 17.08.54.000.000.CFG
492,UPT SEMARANG,-,10. OKTOBER_2025_DFR_SMG,13102025 TANJUNGJATI-SAYUNG#1 DAN JEPARA-KUDUS#2,25.10.13 17.08.58.000.000.CFG,,GANGGUAN PERMANEN,0.75,1,three_pole_failed_reclose,"trip_type=three_pole, reclose_successful=False - gangguan permanen 3-fasa, AR gagal. Diduga kerusakan mekanik/konduktor, perlu investigasi lapangan.",BAY SAYUNG 1,Z1,three_pole,A+B+C,79.96797180175781,2,22664.9453125,0.43491806191502796,False,0.5293531078156193,,,C:\Users\hafizna.fadhli\Downloads\36. DFR GANGGUAN UIT JBT\raw_data\UPT SEMARANG\2025_DFR GANGGUAN\10. OKTOBER_2025_DFR_SMG\13102025 TANJUNGJATI-SAYUNG#1 DAN JEPARA-KUDUS#2\TANJUNGJATI - SAYUNG#1\SAYUNG\25.10.13 17.08.58.000.000.CFG
